1773993487128 0.6432723999023438 0
1773993489882 0.13443470001220703 50
1773993492447 0.39793872833251953 100
1773993495327 0.1565399169921875 150
1773993497747 0.054244041442871094 200
1773993499857 0.012692451477050781 250
1773993502079 0.13073348999023438 300
1773993504240 0.20919036865234375 350
1773993506244 0.04321002960205078 400
1773993508304 0.012968063354492188 450
1773993510328 0.043140411376953125 500
1773993512277 0.06992626190185547 550
1773993514055 0.09126472473144531 600
1773993515723 0.15093994140625 650
1773993517598 0.047351837158203125 700
1773993519462 0.07878971099853516 750
1773993603086 0.051586151123046875 800
1773993605684 0.17219829559326172 850
1773993607516 0.10646438598632812 900
1773993609280 0.11193275451660156 950
1773993611121 0.2138042449951172 1000
1773993612864 0.08138656616210938 1050
1773993614569 0.02571582794189453 1100
1773993616329 0.027353286743164062 1150
1773993618018 0.1685199737548828 1200
1773993620155 0.29953575134277344 1250
1773993621817 0.11441993713378906 1300
1773993623555 0.03630352020263672 1350
1773993625209 0.06559467315673828 1400
1773993626827 0.34113216400146484 1450
1773993628464 0.021058082580566406 1500
1773993630134 0.04019737243652344 1550
1773993699498 0.1478290557861328 1600
1773993701852 0.03484153747558594 1650
1773993703505 0.11936092376708984 1700
1773993705233 0.12968921661376953 1750
1773993707139 0.039402008056640625 1800
1773993708878 0.02773761749267578 1850
1773993710513 0.15903663635253906 1900
1773993712149 0.06226634979248047 1950
1773993713817 0.43692493438720703 2000
1773993715434 0.08081245422363281 2050
1773993717077 0.28338146209716797 2100
1773993718731 0.03709888458251953 2150
1773993720413 0.10675716400146484 2200
1773993722025 0.14279556274414062 2250
1773993723622 0.027329444885253906 2300
1773993725306 0.06260204315185547 2350
1773993794178 0.002986907958984375 2400
1773993796414 0.0775308609008789 2450
1773993798039 0.10326194763183594 2500
1773993799696 0.06288528442382812 2550
1773993801328 0.2070484161376953 2600
1773993802970 0.26352977752685547 2650
1773993804585 0.33315086364746094 2700
1773993806205 0.0634002685546875 2750
1773993807818 0.06054878234863281 2800
1773993809453 0.04847240447998047 2850
1773993811075 0.12113189697265625 2900
1773993812689 0.008038520812988281 2950
1773993814371 0.589594841003418 3000
1773993815963 0.08300399780273438 3050
1773993817637 0.14873123168945312 3100
1773993819265 0.03521442413330078 3150
1773993891365 0.058899879455566406 3200
1773993893663 0.27857017517089844 3250
1773993895344 0.04706382751464844 3300
1773993896993 0.2125234603881836 3350
1773993898639 0.1309347152709961 3400
1773993900271 0.07985305786132812 3450
1773993901868 0.34397220611572266 3500
1773993903502 0.07245063781738281 3550
1773993905184 0.5712461471557617 3600
1773993906880 0.1719217300415039 3650
1773993908463 0.07802391052246094 3700
1773993910065 0.18184661865234375 3750
1773993911716 0.02325916290283203 3800
1773993913305 0.04259681701660156 3850
1773993914929 0.3635873794555664 3900
1773993916566 0.018919944763183594 3950
1773993983801 0.016412734985351562 4000
1773993986105 0.10521411895751953 4050
1773993987713 0.4439411163330078 4100
1773993989379 0.08849906921386719 4150
1773993991033 0.08466625213623047 4200
1773993992721 0.07595252990722656 4250
1773993994319 0.01856708526611328 4300
1773993995968 0.060286521911621094 4350
1773993997576 0.1934223175048828 4400
1773993999187 0.1258687973022461 4450
1773994000755 0.04171562194824219 4500
1773994002442 0.07339096069335938 4550
1773994004052 0.5860204696655273 4600
1773994005648 0.1438007354736328 4650
1773994007351 0.18396377563476562 4700
1773994009024 0.1819896697998047 4750
1773994077651 0.10657310485839844 4800
1773994079894 0.16916561126708984 4850
1773994081528 0.1343555450439453 4900
1773994083147 0.15905284881591797 4950
1773994084788 0.06351566314697266 5000
1773994086486 0.12848281860351562 5050
1773994088105 0.18567752838134766 5100
1773994089678 0.20860671997070312 5150
1773994091392 0.11863136291503906 5200
1773994092985 0.0007715225219726562 5250
1773994094621 0.04691123962402344 5300
1773994096277 0.03471088409423828 5350
1773994097898 0.013234138488769531 5400
1773994099481 0.1071920394897461 5450
1773994101104 0.10709381103515625 5500
1773994102689 0.03613758087158203 5550
1773994174663 0.11741924285888672 5600
1773994176900 0.1799297332763672 5650
1773994178547 0.10289573669433594 5700
1773994180154 0.2872638702392578 5750
1773994181750 0.17389202117919922 5800
1773994183348 0.0491180419921875 5850
1773994184935 0.027303695678710938 5900
1773994186650 0.10304737091064453 5950
1773994188316 0.3508567810058594 6000
1773994189907 0.045020103454589844 6050
1773994191538 0.055954933166503906 6100
1773994193196 0.1615152359008789 6150
1773994194825 0.032146453857421875 6200
1773994196536 0.07443904876708984 6250
1773994198239 0.03575897216796875 6300
1773994199879 0.13539886474609375 6350
1773994268562 0.04828453063964844 6400
1773994270834 0.07103538513183594 6450
1773994272486 0.138153076171875 6500
1773994274135 0.12706756591796875 6550
1773994275765 0.09537982940673828 6600
1773994277377 0.2804231643676758 6650
1773994278981 0.1586923599243164 6700
1773994280617 0.07876300811767578 6750
1773994282227 0.14297866821289062 6800
1773994283884 0.086151123046875 6850
1773994285555 0.1650247573852539 6900
1773994287180 0.21584415435791016 6950
1773994288837 0.31392574310302734 7000
1773994290481 0.13904666900634766 7050
1773994292102 0.019471168518066406 7100
1773994293730 0.08433246612548828 7150
1773994362682 0.3735828399658203 7200
1773994365004 0.14707279205322266 7250
1773994366623 0.12496662139892578 7300
1773994368284 0.08638381958007812 7350
1773994369879 0.18185043334960938 7400
1773994371454 0.10196685791015625 7450
1773994373029 0.07842350006103516 7500
1773994374657 0.07833194732666016 7550
1773994376259 0.20224571228027344 7600
1773994377951 0.07561874389648438 7650
1773994379560 0.1740713119506836 7700
1773994381153 0.06895923614501953 7750
1773994382738 0.11594104766845703 7800
1773994384390 0.18297100067138672 7850
1773994386057 0.15776348114013672 7900
1773994387713 0.012956619262695312 7950
1773994454829 0.1473093032836914 8000
1773994457229 0.12025928497314453 8050
1773994458895 0.16109657287597656 8100
1773994460491 0.0851593017578125 8150
1773994462093 0.2552452087402344 8200
1773994463664 0.040467262268066406 8250
1773994465319 0.028696060180664062 8300
1773994466933 0.12250232696533203 8350
1773994468533 0.06807708740234375 8400
1773994470251 0.0753326416015625 8450
1773994471880 0.1406536102294922 8500
1773994473547 0.38448333740234375 8550
1773994475191 0.017333984375 8600
1773994476884 0.09483814239501953 8650
1773994478462 0.14440345764160156 8700
1773994480087 0.07736587524414062 8750
1773994543104 0.021244049072265625 8800
1773994545347 0.06503772735595703 8850
1773994546948 0.0637350082397461 8900
1773994548512 0.01706695556640625 8950
1773994550061 0.11052703857421875 9000
1773994551674 0.025768280029296875 9050
1773994553249 0.029870986938476562 9100
1773994554834 0.34854888916015625 9150
1773994556401 0.051532745361328125 9200
1773994557977 0.0467987060546875 9250
1773994559551 0.08830738067626953 9300
1773994561141 0.09784793853759766 9350
1773994562663 0.08911800384521484 9400
1773994564215 0.21083831787109375 9450
1773994565761 0.09963607788085938 9500
1773994567341 0.0916452407836914 9550
1773994630981 0.08003520965576172 9600
1773994633176 0.06165027618408203 9650
1773994634745 0.2224416732788086 9700
1773994636360 0.04016399383544922 9750
1773994638018 0.21227264404296875 9800
1773994639553 0.29381275177001953 9850
1773994641119 0.01829242706298828 9900
1773994642717 0.02569866180419922 9950
1773994644278 0.06742286682128906 10000
1773994645840 0.07885360717773438 10050
1773994647418 0.15265846252441406 10100
1773994648961 0.06538677215576172 10150
1773994650521 0.016973495483398438 10200
1773994652121 0.011758804321289062 10250
1773994653709 0.08221054077148438 10300
1773994655261 0.0055561065673828125 10350
1773994717483 0.20694732666015625 10400
1773994719794 0.0854644775390625 10450
1773994721352 0.053986549377441406 10500
1773994722913 0.0822744369506836 10550
1773994724478 0.27480220794677734 10600
1773994726081 0.09498310089111328 10650
1773994727683 0.07218647003173828 10700
1773994729320 0.15558910369873047 10750
1773994730882 0.060088157653808594 10800
1773994732503 0.09421062469482422 10850
1773994734061 0.12349128723144531 10900
1773994735659 0.0033063888549804688 10950
1773994737180 0.0035810470581054688 11000
1773994738800 0.05297279357910156 11050
1773994740374 0.11428070068359375 11100
1773994741962 0.056405067443847656 11150
1773994804173 0.22286701202392578 11200
1773994806424 0.050079345703125 11250
1773994808009 0.15802478790283203 11300
1773994809596 0.10372352600097656 11350
1773994811251 0.06667423248291016 11400
1773994812823 0.05458259582519531 11450
1773994814458 0.097564697265625 11500
1773994816065 0.39702320098876953 11550
1773994817673 0.07387924194335938 11600
1773994819199 0.09058666229248047 11650
1773994820805 0.17232704162597656 11700
1773994822429 0.20174217224121094 11750
1773994824072 0.039023399353027344 11800
1773994825703 0.07159233093261719 11850
1773994827319 0.08355045318603516 11900
1773994828901 0.0013456344604492188 11950
1773994892011 0.2961444854736328 12000
1773994894202 0.045879364013671875 12050
1773994895797 0.12316513061523438 12100
1773994897366 0.18556594848632812 12150
1773994898937 0.08549308776855469 12200
1773994900518 0.19212818145751953 12250
1773994902162 0.18788909912109375 12300
1773994903746 0.01377105712890625 12350
1773994905278 0.004408836364746094 12400
1773994906911 0.07664299011230469 12450
1773994908538 0.36841392517089844 12500
1773994910191 0.4506559371948242 12550
1773994911760 0.12850284576416016 12600
1773994913373 0.0853729248046875 12650
1773994914962 0.18369102478027344 12700
1773994916520 0.021955490112304688 12750
1773994978699 0.11340522766113281 12800
1773994980980 0.10555744171142578 12850
1773994982557 0.10332489013671875 12900
1773994984153 0.03922557830810547 12950
1773994985789 0.24420452117919922 13000
1773994987407 0.27266979217529297 13050
1773994988992 0.06192779541015625 13100
1773994990600 0.03625202178955078 13150
1773994992323 0.05094146728515625 13200
1773994994074 0.062221527099609375 13250
1773994995768 0.2842674255371094 13300
1773994997434 0.16378402709960938 13350
1773994999063 0.0033664703369140625 13400
1773995000746 0.6728668212890625 13450
1773995002290 0.0045909881591796875 13500
1773995003913 0.05924415588378906 13550
1773995064604 0.0401458740234375 13600
1773995066868 0.14432907104492188 13650
1773995068514 0.16253280639648438 13700
1773995070075 0.21308135986328125 13750
1773995071657 0.1100320816040039 13800
1773995073246 0.09031105041503906 13850
1773995074801 0.10093307495117188 13900
1773995076374 0.028908729553222656 13950
1773995077950 0.03333091735839844 14000
1773995079606 0.021500587463378906 14050
1773995081207 0.05640220642089844 14100
1773995082911 0.11820411682128906 14150
1773995084529 0.03780841827392578 14200
1773995086116 0.15654277801513672 14250
1773995087718 0.06872177124023438 14300
1773995089292 0.04524803161621094 14350
1773995154846 0.11183452606201172 14400
1773995157166 0.4591951370239258 14450
1773995158758 0.008395195007324219 14500
1773995160313 0.18131351470947266 14550
1773995161981 0.004963874816894531 14600
1773995163581 0.023159027099609375 14650
1773995165154 0.07526397705078125 14700
1773995166732 0.08744239807128906 14750
1773995168367 0.027304649353027344 14800
1773995169965 0.26819610595703125 14850
1773995171533 0.06360626220703125 14900
1773995173144 0.06540298461914062 14950
1773995174813 0.1603260040283203 15000
1773995176367 0.06371784210205078 15050
1773995177999 0.15282917022705078 15100
1773995179548 0.17539691925048828 15150
1773995244982 0.03791046142578125 15200
1773995247244 0.059906005859375 15250
1773995248876 0.09521007537841797 15300
1773995250413 0.012722015380859375 15350
1773995252038 0.23404598236083984 15400
1773995253629 0.005329132080078125 15450
1773995255178 0.1598043441772461 15500
1773995256759 0.03207874298095703 15550
1773995258391 0.09553909301757812 15600
1773995259974 0.23322391510009766 15650
1773995261568 0.016092300415039062 15700
1773995263173 0.1346120834350586 15750
1773995264698 0.07785511016845703 15800
1773995266245 0.008413314819335938 15850
1773995267817 0.07929325103759766 15900
1773995269431 0.039879798889160156 15950
1773995331634 0.22127723693847656 16000
1773995333904 0.094635009765625 16050
1773995335511 0.029809951782226562 16100
1773995337078 0.029746055603027344 16150
1773995338601 0.2803525924682617 16200
1773995340259 0.2095794677734375 16250
1773995341868 0.0576171875 16300
1773995343442 0.04549598693847656 16350
1773995345092 0.0975341796875 16400
1773995346670 0.11725521087646484 16450
1773995348334 0.0032482147216796875 16500
1773995349948 0.11966133117675781 16550
1773995351526 0.0913686752319336 16600
1773995353060 0.09619712829589844 16650
1773995354675 0.0020380020141601562 16700
1773995356171 0.2371997833251953 16750
1773995418379 0.13480281829833984 16800
1773995420598 0.3351583480834961 16850
1773995422270 0.16844844818115234 16900
1773995423873 0.028326034545898438 16950
1773995425473 0.012004852294921875 17000
1773995427146 0.08609580993652344 17050
1773995428733 0.09612083435058594 17100
1773995430406 0.1534137725830078 17150
1773995432027 0.07359981536865234 17200
1773995433611 0.06700515747070312 17250
1773995435199 0.1051015853881836 17300
1773995436828 0.025722503662109375 17350
1773995438375 0.12769794464111328 17400
1773995439923 0.1083364486694336 17450
1773995441530 0.0909576416015625 17500
1773995443127 0.2938098907470703 17550
1773995503715 0.1008291244506836 17600
1773995506019 0.052906036376953125 17650
1773995507568 0.23687171936035156 17700
1773995509145 0.027713775634765625 17750
1773995510777 0.16288089752197266 17800
1773995512433 0.06351184844970703 17850
1773995514054 0.23388671875 17900
1773995515690 0.007119178771972656 17950
1773995517313 0.10276603698730469 18000
1773995518845 0.15395832061767578 18050
1773995520475 0.052130699157714844 18100
1773995522074 0.09728717803955078 18150
1773995523717 0.05771064758300781 18200
1773995525252 0.011112213134765625 18250
1773995526864 0.22527313232421875 18300
1773995528467 0.06554508209228516 18350
1773995590716 0.08891773223876953 18400
1773995592961 0.1052093505859375 18450
1773995594567 0.07074642181396484 18500
1773995596117 0.07297039031982422 18550
1773995597713 0.19582080841064453 18600
1773995599364 0.019084930419921875 18650
1773995600983 0.08233928680419922 18700
1773995602611 0.0956716537475586 18750
1773995604226 0.14536762237548828 18800
1773995605845 0.037369728088378906 18850
1773995607499 0.01226043701171875 18900
1773995609125 0.037353515625 18950
1773995610756 0.019783973693847656 19000
1773995612348 0.03048419952392578 19050
1773995613984 0.06624507904052734 19100
1773995615543 0.10506629943847656 19150
1773995676395 0.011391639709472656 19200
1773995678770 0.04908561706542969 19250
1773995680367 0.011797904968261719 19300
1773995681993 0.2622709274291992 19350
1773995683591 0.04355812072753906 19400
1773995685190 0.021284103393554688 19450
1773995686817 0.07843208312988281 19500
1773995688416 0.1769571304321289 19550
1773995689982 0.06505012512207031 19600
1773995691598 0.012254714965820312 19650
1773995693184 0.04474067687988281 19700
1773995694808 0.015352249145507812 19750
1773995696359 0.08237743377685547 19800
1773995697975 0.07312774658203125 19850
1773995699597 0.0657339096069336 19900
1773995701197 0.047560691833496094 19950
1773995761798 0.0937814712524414 20000
1773995764059 0.05998420715332031 20050
1773995765671 0.044971466064453125 20100
1773995767264 0.3231801986694336 20150
1773995768891 0.1467304229736328 20200
1773995770575 0.0021505355834960938 20250
1773995772135 0.06966781616210938 20300
1773995773709 0.04236602783203125 20350
1773995775351 0.26445770263671875 20400
1773995776985 0.10438346862792969 20450
1773995778641 0.08516693115234375 20500
1773995780249 0.006588935852050781 20550
1773995781837 0.2046070098876953 20600
1773995783379 0.031053543090820312 20650
1773995785026 0.14961528778076172 20700
1773995786644 0.060235023498535156 20750
1773995847245 0.07197761535644531 20800
1773995849516 0.27368736267089844 20850
1773995851152 0.05794525146484375 20900
1773995852810 0.15320873260498047 20950
1773995854398 0.07574939727783203 21000
1773995856065 0.18122196197509766 21050
1773995857697 0.04713726043701172 21100
1773995859257 0.3425779342651367 21150
1773995860895 0.15569305419921875 21200
1773995862505 0.06718826293945312 21250
1773995864052 0.13189220428466797 21300
1773995865730 0.08919811248779297 21350
1773995867396 0.15274524688720703 21400
1773995869064 0.1584157943725586 21450
1773995870712 0.0037479400634765625 21500
1773995872290 0.15253448486328125 21550
1773995934611 0.28933048248291016 21600
1773995936881 0.12998485565185547 21650
1773995938537 0.0666494369506836 21700
1773995940173 0.18641376495361328 21750
1773995941802 0.04228401184082031 21800
1773995943380 0.10531044006347656 21850
1773995945020 0.07780170440673828 21900
1773995946603 0.16588497161865234 21950
1773995948226 0.06548500061035156 22000
1773995949806 0.11203956604003906 22050
1773995951408 0.05309581756591797 22100
1773995953082 0.1453685760498047 22150
1773995954733 0.10089111328125 22200
1773995956330 0.02741527557373047 22250
1773995957973 0.03624534606933594 22300
1773995959598 0.2339181900024414 22350
1773996021790 0.0516510009765625 22400
1773996024074 0.16683387756347656 22450
1773996025689 0.00449371337890625 22500
1773996027357 0.1444416046142578 22550
1773996028931 0.1012105941772461 22600
1773996030477 0.27437305450439453 22650
1773996032079 0.04082775115966797 22700
1773996033700 0.09914207458496094 22750
1773996035341 0.03852081298828125 22800
1773996036972 0.19457721710205078 22850
1773996038572 0.21191883087158203 22900
1773996040218 0.23972415924072266 22950
1773996041842 0.014527320861816406 23000
1773996043425 0.011495590209960938 23050
1773996045081 0.10439586639404297 23100
1773996046656 0.1363382339477539 23150
1773996112189 0.037695884704589844 23200
1773996114536 0.19198036193847656 23250
1773996116106 0.0931863784790039 23300
1773996117734 0.04094219207763672 23350
1773996119311 0.25219058990478516 23400
1773996120944 0.14181804656982422 23450
1773996122507 0.00042724609375 23500
1773996124125 0.15036678314208984 23550
1773996125729 0.09441852569580078 23600
1773996127376 0.04854774475097656 23650
1773996129047 0.019410133361816406 23700
1773996130668 0.31641674041748047 23750
1773996132382 0.10449886322021484 23800
1773996133889 0.11847496032714844 23850
1773996135510 0.1922292709350586 23900
1773996137127 0.10882091522216797 23950
1773996197743 0.19548702239990234 24000
1773996200077 0.1857748031616211 24050
1773996201702 0.02235126495361328 24100
1773996203304 0.3633689880371094 24150
1773996204969 0.07368755340576172 24200
1773996206636 0.11937713623046875 24250
1773996208238 0.1534109115600586 24300
1773996209845 0.1556835174560547 24350
1773996211493 0.11528301239013672 24400
1773996213149 0.06767845153808594 24450
1773996214758 0.07024955749511719 24500
1773996216413 0.009659767150878906 24550
1773996218035 0.12380599975585938 24600
1773996219605 0.3145475387573242 24650
1773996221269 0.028676986694335938 24700
1773996222912 0.006052970886230469 24750
1773996283543 0.1922149658203125 24800
1773996285928 0.017772674560546875 24850
1773996287538 0.13821125030517578 24900
1773996289212 0.10688209533691406 24950
1773996290817 0.3908367156982422 25000
1773996292439 0.18477821350097656 25050
1773996294055 0.026160240173339844 25100
1773996295661 0.023964881896972656 25150
1773996297316 0.006318092346191406 25200
1773996298934 0.044696807861328125 25250
1773996300606 0.011488914489746094 25300
1773996302280 0.044312477111816406 25350
1773996303882 0.016851425170898438 25400
1773996305596 0.07379722595214844 25450
1773996307296 0.054711341857910156 25500
1773996308901 0.12446975708007812 25550
1773996371162 0.05315113067626953 25600
1773996373480 0.0636749267578125 25650
1773996375151 0.013657569885253906 25700
1773996376722 0.11037158966064453 25750
1773996378368 0.2347879409790039 25800
1773996379961 0.061364173889160156 25850
1773996381570 0.20333576202392578 25900
1773996383162 0.00018978118896484375 25950
1773996384750 0.04575347900390625 26000
1773996386376 0.10669898986816406 26050
1773996387998 0.18064403533935547 26100
1773996389638 0.0731801986694336 26150
1773996391253 0.0655527114868164 26200
1773996392822 0.06828022003173828 26250
1773996394513 0.060532569885253906 26300
1773996396188 0.34380626678466797 26350
1773996458344 0.38847923278808594 26400
1773996460653 0.3147754669189453 26450
1773996462291 0.05339527130126953 26500
1773996463906 0.026424407958984375 26550
1773996465572 0.13102436065673828 26600
1773996467227 0.4211158752441406 26650
1773996468831 0.11895561218261719 26700
1773996470471 0.14598464965820312 26750
1773996472141 0.07579612731933594 26800
1773996473712 0.007328987121582031 26850
1773996475380 0.09763622283935547 26900
1773996477003 0.026574134826660156 26950
1773996478578 0.09609031677246094 27000
1773996480238 0.1410350799560547 27050
1773996481888 0.04139518737792969 27100
1773996483533 0.09667587280273438 27150
1773996545894 0.1607065200805664 27200
1773996548256 0.0796823501586914 27250
1773996549885 0.04859638214111328 27300
1773996551550 0.0057849884033203125 27350
1773996553158 0.05868339538574219 27400
1773996554792 0.1835622787475586 27450
1773996556349 0.007596015930175781 27500
1773996557912 0.0973653793334961 27550
1773996559620 0.011280059814453125 27600
1773996561252 0.017160415649414062 27650
1773996562864 0.38553714752197266 27700
1773996564551 0.01879405975341797 27750
1773996566189 0.1814727783203125 27800
1773996567876 0.0768270492553711 27850
1773996569484 0.001430511474609375 27900
1773996571120 0.04983711242675781 27950
1773996633399 0.5483388900756836 28000
1773996635849 0.15043354034423828 28050
1773996637454 0.04506492614746094 28100
1773996639076 0.006979942321777344 28150
1773996640720 0.047507286071777344 28200
1773996642345 0.02569103240966797 28250
1773996644011 0.044775962829589844 28300
1773996645687 0.09004592895507812 28350
1773996647320 0.10742950439453125 28400
1773996648901 0.009197235107421875 28450
1773996650510 0.02501392364501953 28500
1773996652202 0.022090911865234375 28550
1773996653760 0.16492462158203125 28600
1773996655396 0.040551185607910156 28650
1773996656995 0.23045730590820312 28700
1773996658599 0.14574050903320312 28750
1773996721667 0.02051067352294922 28800
1773996724021 0.001312255859375 28850
1773996725663 0.018050193786621094 28900
1773996727245 0.11288261413574219 28950
1773996728812 0.19779396057128906 29000
1773996730468 0.1636343002319336 29050
1773996732095 0.12661075592041016 29100
1773996733702 0.2208261489868164 29150
1773996735313 0.08144283294677734 29200
1773996736872 0.01592254638671875 29250
1773996738489 0.18981552124023438 29300
1773996740096 0.09317398071289062 29350
1773996741727 0.07183647155761719 29400
1773996743418 0.10471630096435547 29450
1773996745068 0.3956336975097656 29500
1773996746692 0.07000064849853516 29550
1773996807257 0.11081600189208984 29600
1773996809636 0.0140533447265625 29650
1773996811231 0.06635665893554688 29700
1773996812818 0.0747232437133789 29750
1773996814448 0.0789957046508789 29800
1773996816117 0.007961273193359375 29850
1773996817733 0.16638755798339844 29900
1773996819449 0.07904529571533203 29950
1773996821090 0.09164810180664062 30000
1773996822665 0.16849327087402344 30050
1773996824273 0.07199954986572266 30100
1773996825907 0.06035614013671875 30150
1773996827536 0.12648677825927734 30200
1773996829199 0.20843219757080078 30250
1773996830897 0.039459228515625 30300
1773996832523 0.060029029846191406 30350
1773996894878 0.1194000244140625 30400
1773996897219 0.11346149444580078 30450
1773996898817 0.04532432556152344 30500
1773996900458 0.16373252868652344 30550
1773996902070 0.07843017578125 30600
1773996903736 0.2754545211791992 30650
1773996905278 0.14320755004882812 30700
1773996906933 0.031183242797851562 30750
1773996908643 0.12078571319580078 30800
1773996910269 0.06992816925048828 30850
1773996911915 0.09774589538574219 30900
1773996913589 0.06574535369873047 30950
1773996915256 0.13178348541259766 31000
1773996916946 0.040607452392578125 31050
1773996918585 0.09504222869873047 31100
1773996920223 0.41300010681152344 31150
1773996983239 0.24442195892333984 31200
1773996985505 0.25282955169677734 31250
1773996987167 0.1938180923461914 31300
1773996988839 0.094024658203125 31350
1773996990482 0.07565116882324219 31400
1773996992123 0.10743045806884766 31450
1773996993721 0.23108863830566406 31500
1773996995287 0.1047048568725586 31550
1773996996919 0.019278526306152344 31600
1773996998539 0.04755878448486328 31650
1773997000137 0.011553764343261719 31700
1773997001756 0.03767871856689453 31750
1773997003375 0.23190689086914062 31800
1773997005042 0.27393054962158203 31850
1773997006730 0.11492729187011719 31900
1773997008343 0.2812213897705078 31950
1773997070717 0.08461380004882812 32000
1773997073189 0.2528553009033203 32050
1773997074851 0.07222270965576172 32100
1773997076466 0.07856178283691406 32150
1773997078073 0.1978931427001953 32200
1773997079659 0.00331878662109375 32250
1773997081335 0.24275779724121094 32300
1773997083013 0.3614645004272461 32350
1773997084671 0.058139801025390625 32400
1773997086284 0.0579071044921875 32450
1773997087923 0.016530990600585938 32500
1773997089685 0.07130050659179688 32550
1773997091289 0.013121604919433594 32600
1773997092814 0.050589561462402344 32650
1773997094422 0.06574726104736328 32700
1773997096008 0.2156209945678711 32750
1773997156668 0.19000625610351562 32800
1773997159067 0.4707202911376953 32850
1773997160708 0.1347341537475586 32900
1773997162342 0.07822513580322266 32950
1773997164069 0.11144161224365234 33000
1773997165760 0.05665874481201172 33050
1773997167351 0.0783395767211914 33100
1773997168898 0.42995166778564453 33150
1773997170590 0.057862281799316406 33200
1773997172147 0.04375934600830078 33250
1773997173794 0.18959522247314453 33300
1773997175407 0.26545047760009766 33350
1773997177079 0.06235313415527344 33400
1773997178704 0.3872556686401367 33450
1773997180352 0.05760478973388672 33500
1773997181959 0.3115386962890625 33550
1773997244136 0.0020380020141601562 33600
1773997246499 0.06867027282714844 33650
1773997248199 0.057723045349121094 33700
1773997249893 0.10109806060791016 33750
1773997251530 0.12843894958496094 33800
1773997253117 0.2769279479980469 33850
1773997254769 0.18430614471435547 33900
1773997256430 0.2661170959472656 33950
1773997258054 0.12878894805908203 34000
1773997259674 0.017621994018554688 34050
1773997261375 0.17848491668701172 34100
1773997262993 0.07563304901123047 34150
1773997264618 0.08664798736572266 34200
1773997266213 0.29836177825927734 34250
1773997267932 0.11802387237548828 34300
1773997269627 0.1939401626586914 34350
1773997331936 0.046257972717285156 34400
1773997334356 0.022582054138183594 34450
1773997336005 0.04992103576660156 34500
1773997337663 0.05154228210449219 34550
1773997339345 0.04665184020996094 34600
1773997340982 0.009848594665527344 34650
1773997342583 0.04126930236816406 34700
1773997344210 0.09872150421142578 34750
1773997345854 0.16817283630371094 34800
1773997347454 0.1745157241821289 34850
1773997349062 0.029621124267578125 34900
1773997350729 0.0033540725708007812 34950
1773997352360 0.20134353637695312 35000
1773997354021 0.04245281219482422 35050
1773997355710 0.30431652069091797 35100
1773997357349 0.012343406677246094 35150
1773997420543 0.1077423095703125 35200
1773997422931 0.08587265014648438 35250
1773997424590 0.45214080810546875 35300
1773997426252 0.005122184753417969 35350
1773997427942 0.01059722900390625 35400
1773997429604 0.062041282653808594 35450
1773997431236 0.041329383850097656 35500
1773997432888 0.08117389678955078 35550
1773997434460 0.034745216369628906 35600
1773997436111 0.1247110366821289 35650
1773997437705 0.11746788024902344 35700
1773997439351 0.007518768310546875 35750
1773997440978 0.0011358261108398438 35800
1773997442619 0.09716415405273438 35850
1773997444304 0.04062175750732422 35900
1773997445947 0.05010986328125 35950
1773997508208 0.07849502563476562 36000
1773997510535 0.029129981994628906 36050
1773997512180 0.026157379150390625 36100
1773997513935 0.00823211669921875 36150
1773997515641 0.009471893310546875 36200
1773997517226 0.13905715942382812 36250
1773997518902 0.015595436096191406 36300
1773997520508 0.03155040740966797 36350
1773997522172 0.10434627532958984 36400
1773997523757 0.008840560913085938 36450
1773997525396 0.15118408203125 36500
1773997527064 0.05368995666503906 36550
1773997528698 0.2511148452758789 36600
1773997530353 0.052977561950683594 36650
1773997532076 0.019989013671875 36700
1773997533689 0.11394691467285156 36750
1773997595992 0.040314674377441406 36800
1773997598410 0.2301654815673828 36850
1773997600057 0.0067882537841796875 36900
1773997601754 0.018538475036621094 36950
1773997603454 0.05908393859863281 37000
1773997605114 0.340911865234375 37050
1773997606800 0.1167001724243164 37100
1773997608533 0.12619781494140625 37150
1773997610152 0.034293174743652344 37200
1773997611766 0.08853816986083984 37250
1773997613438 0.03672313690185547 37300
1773997615054 0.06873893737792969 37350
1773997616670 0.059950828552246094 37400
1773997618328 0.14248371124267578 37450
1773997620012 0.2928171157836914 37500
1773997621699 0.26963329315185547 37550
1773997682406 0.024547576904296875 37600
1773997684847 0.11971473693847656 37650
1773997686513 0.014974594116210938 37700
1773997688205 0.04645729064941406 37750
1773997689882 0.09089279174804688 37800
1773997691501 0.07411575317382812 37850
1773997693216 0.17374897003173828 37900
1773997694825 0.14874267578125 37950
1773997696485 0.023537635803222656 38000
1773997698117 0.18686580657958984 38050
1773997699752 0.31756114959716797 38100
1773997701426 0.04385948181152344 38150
1773997703060 0.1354198455810547 38200
1773997704654 0.1600360870361328 38250
1773997706364 0.006196022033691406 38300
1773997708048 0.03228950500488281 38350
1773997773497 0.09491729736328125 38400
1773997775796 0.13547897338867188 38450
1773997777429 0.15046215057373047 38500
1773997779087 0.16039466857910156 38550
1773997780655 0.06355667114257812 38600
1773997782331 0.010584831237792969 38650
1773997783952 0.012753486633300781 38700
1773997785588 0.06118583679199219 38750
1773997787263 0.04418468475341797 38800
1773997788853 0.15572547912597656 38850
1773997790415 0.10994243621826172 38900
1773997792018 0.012376785278320312 38950
1773997793638 0.02347850799560547 39000
1773997795257 0.08595466613769531 39050
1773997796891 0.13307762145996094 39100
1773997798570 0.18323993682861328 39150
1773997864105 0.14557552337646484 39200
1773997866447 0.16077804565429688 39250
1773997868100 0.03724956512451172 39300
1773997869720 0.22481632232666016 39350
1773997871338 0.0173187255859375 39400
1773997873008 0.053638458251953125 39450
1773997874648 0.0031795501708984375 39500
1773997876310 0.0305023193359375 39550
1773997877964 0.058205604553222656 39600
1773997879618 0.07500553131103516 39650
1773997881258 0.04955577850341797 39700
1773997882897 0.22928333282470703 39750
1773997884480 0.15178298950195312 39800
1773997886188 0.07902812957763672 39850
1773997887858 0.10468006134033203 39900
1773997889519 0.084442138671875 39950
1773997951886 0.34964561462402344 40000
1773997954257 0.035800933837890625 40050
1773997955946 0.08525466918945312 40100
1773997957571 0.07006359100341797 40150
1773997959197 0.031508445739746094 40200
1773997960920 0.013167381286621094 40250
1773997962584 0.1506052017211914 40300
1773997964226 0.033661842346191406 40350
1773997965846 0.1598052978515625 40400
1773997967494 0.0808115005493164 40450
1773997969161 0.1387939453125 40500
1773997970871 0.1101999282836914 40550
1773997972489 0.11385440826416016 40600
1773997974142 0.0600128173828125 40650
1773997975730 0.08351421356201172 40700
1773997977348 0.38089847564697266 40750
1773998039677 0.15639686584472656 40800
1773998042105 0.08367443084716797 40850
1773998043830 0.36575794219970703 40900
1773998045466 0.009005546569824219 40950
1773998047085 0.11105728149414062 41000
1773998048786 0.11083030700683594 41050
1773998050465 0.024596214294433594 41100
1773998052123 0.2639932632446289 41150
1773998053833 0.18526172637939453 41200
1773998055463 0.1712493896484375 41250
1773998057192 0.09415435791015625 41300
1773998058850 0.07793998718261719 41350
1773998060517 0.022886276245117188 41400
1773998062152 0.0783243179321289 41450
1773998063825 0.05840778350830078 41500
1773998065439 0.2107982635498047 41550
1773998131066 0.15074443817138672 41600
1773998133513 0.11231517791748047 41650
1773998135149 0.08942699432373047 41700
1773998136776 0.37040233612060547 41750
1773998138470 0.1014242172241211 41800
1773998140132 0.01984691619873047 41850
1773998141687 0.15560150146484375 41900
1773998143353 0.028047561645507812 41950
1773998145133 0.17219924926757812 42000
1773998146769 0.02631378173828125 42050
1773998148363 0.1332683563232422 42100
1773998149995 0.18087100982666016 42150
1773998151655 0.025777816772460938 42200
1773998153268 0.17924976348876953 42250
1773998154976 0.20775413513183594 42300
1773998156584 0.08230209350585938 42350
1773998217338 0.17053985595703125 42400
1773998219806 0.10467910766601562 42450
1773998221419 0.17866134643554688 42500
1773998223054 0.2784719467163086 42550
1773998224691 0.1126241683959961 42600
1773998226330 0.035080909729003906 42650
1773998227971 0.013376235961914062 42700
1773998229588 0.005396842956542969 42750
1773998231298 0.2189960479736328 42800
1773998232932 0.11427783966064453 42850
1773998234571 0.15117454528808594 42900
1773998236263 0.06501483917236328 42950
1773998237894 0.020163536071777344 43000
1773998239621 0.0032835006713867188 43050
1773998241325 0.08558177947998047 43100
1773998242946 0.0720834732055664 43150
1773998305262 0.13349151611328125 43200
1773998307618 0.062226295471191406 43250
1773998309297 0.14496517181396484 43300
1773998310917 0.11909866333007812 43350
1773998312536 0.04108905792236328 43400
1773998314179 0.15813636779785156 43450
1773998315829 0.0768890380859375 43500
1773998317522 0.08413314819335938 43550
1773998319210 0.10680007934570312 43600
1773998320869 0.006816864013671875 43650
1773998322547 0.048732757568359375 43700
1773998324200 0.014645576477050781 43750
1773998325872 0.1463327407836914 43800
1773998327544 0.1619720458984375 43850
1773998329154 0.30359745025634766 43900
1773998330796 0.06894302368164062 43950
1773998394000 0.0308074951171875 44000
1773998396354 0.07422637939453125 44050
1773998398071 0.1651010513305664 44100
1773998399767 0.49249839782714844 44150
1773998401382 0.16632366180419922 44200
1773998403049 0.029967308044433594 44250
1773998404747 0.20382118225097656 44300
1773998406467 0.2693595886230469 44350
1773998408167 0.10616207122802734 44400
1773998409887 0.0033445358276367188 44450
1773998411481 0.07120132446289062 44500
1773998413077 0.021765708923339844 44550
1773998414732 0.20954322814941406 44600
1773998416357 0.06238746643066406 44650
1773998418005 0.1377553939819336 44700
1773998419626 0.07345867156982422 44750
1773998480334 0.056923866271972656 44800
1773998482875 0.08108329772949219 44850
1773998484514 0.010030746459960938 44900
1773998486189 0.15087032318115234 44950
1773998487862 0.05407238006591797 45000
1773998489500 0.2244434356689453 45050
1773998491187 0.21442699432373047 45100
1773998492823 0.012017250061035156 45150
1773998494456 0.01892852783203125 45200
1773998496078 0.09740829467773438 45250
1773998497768 0.20159339904785156 45300
1773998499471 0.17740154266357422 45350
1773998501078 0.050688743591308594 45400
1773998502739 0.02614879608154297 45450
1773998504451 0.1564788818359375 45500
1773998506089 0.07973003387451172 45550
1773998568390 0.03036212921142578 45600
1773998570856 0.08352279663085938 45650
1773998572572 0.13819408416748047 45700
1773998574195 0.012582778930664062 45750
1773998575863 0.0017080307006835938 45800
1773998577535 0.11934947967529297 45850
1773998579144 0.03335857391357422 45900
1773998580800 0.1504230499267578 45950
1773998582498 0.005878448486328125 46000
1773998584182 0.1271381378173828 46050
1773998585824 0.14362239837646484 46100
1773998587548 0.34573841094970703 46150
1773998589161 0.12099647521972656 46200
1773998590829 0.0628061294555664 46250
1773998592507 0.03519916534423828 46300
1773998594147 0.1911020278930664 46350
1773998657299 0.009309768676757812 46400
1773998659666 0.10891342163085938 46450
1773998661348 0.023378372192382812 46500
1773998662957 0.04443168640136719 46550
1773998664620 0.014985084533691406 46600
1773998666256 0.0016050338745117188 46650
1773998667902 0.10358047485351562 46700
1773998669546 0.07480049133300781 46750
1773998671225 0.20257282257080078 46800
1773998672827 0.07890987396240234 46850
1773998674450 0.03052234649658203 46900
1773998676119 0.036576271057128906 46950
1773998677780 0.08864974975585938 47000
1773998679466 0.015969276428222656 47050
1773998681090 0.047577857971191406 47100
1773998682699 0.23976612091064453 47150
1773998745064 0.008553504943847656 47200
1773998747578 0.18329429626464844 47250
1773998749229 0.07144832611083984 47300
1773998750941 0.21001434326171875 47350
1773998752640 0.1169586181640625 47400
1773998754259 0.1139364242553711 47450
1773998755963 0.050026893615722656 47500
1773998757608 0.14564037322998047 47550
1773998759292 0.25902271270751953 47600
1773998761000 0.22414016723632812 47650
1773998762706 0.008401870727539062 47700
1773998764362 0.005564689636230469 47750
1773998766057 0.029153823852539062 47800
1773998767741 0.04529762268066406 47850
1773998769403 0.020061492919921875 47900
1773998771075 0.09590530395507812 47950
1773998840883 0.09415435791015625 48000
1773998843456 0.12269401550292969 48050
1773998845163 0.17050838470458984 48100
1773998846961 0.017940521240234375 48150
1773998848838 0.051161766052246094 48200
1773998850666 0.09966754913330078 48250
1773998852440 0.17782211303710938 48300
1773998854216 1.621246337890625e-05 48350
1773998855914 0.0900430679321289 48400
1773998857623 0.21956443786621094 48450
1773998859398 0.1258544921875 48500
1773998861260 0.08310794830322266 48550
1773998863017 0.21304988861083984 48600
1773998864732 0.00472259521484375 48650
1773998866498 0.037583351135253906 48700
1773998868245 0.17560863494873047 48750
1773998939558 0.11751556396484375 48800
1773998942097 0.10386085510253906 48850
1773998943857 0.03899097442626953 48900
1773998945553 0.011922836303710938 48950
1773998947378 0.10216808319091797 49000
1773998949150 0.13239192962646484 49050
1773998950821 0.24375629425048828 49100
1773998952603 0.03427696228027344 49150
1773998954665 0.04293346405029297 49200
1773998956402 0.03679847717285156 49250
1773998958157 0.0035371780395507812 49300
1773998959950 0.2102956771850586 49350
1773998961830 0.03744792938232422 49400
1773998963571 0.3504600524902344 49450
1773998965324 0.24924278259277344 49500
1773998967066 0.04797077178955078 49550
1773999040898 0.0035429000854492188 49600
1773999043377 0.055057525634765625 49650
1773999045092 0.07384490966796875 49700
1773999046862 0.17526721954345703 49750
1773999048597 0.17129039764404297 49800
1773999050332 0.044905662536621094 49850
1773999052004 0.03600788116455078 49900
1773999053714 0.178009033203125 49950
1773999055443 0.16382217407226562 50000
1773999057202 0.1356983184814453 50050
1773999058882 0.25144290924072266 50100
1773999060632 0.08970832824707031 50150
1773999062345 0.04143810272216797 50200
1773999064125 0.037085533142089844 50250
1773999065885 0.003894805908203125 50300
1773999067624 0.11074447631835938 50350
1773999134818 0.15802860260009766 50400
1773999137232 0.015483856201171875 50450
1773999138940 0.023009300231933594 50500
1773999140729 0.06771087646484375 50550
1773999142424 0.015420913696289062 50600
1773999144096 0.03163433074951172 50650
1773999145809 0.02853870391845703 50700
1773999147493 0.2897663116455078 50750
1773999149253 0.1195526123046875 50800
1773999150951 0.019571304321289062 50850
1773999152632 0.16694164276123047 50900
1773999154358 0.11656379699707031 50950
1773999156071 0.23733901977539062 51000
1773999157770 0.013971328735351562 51050
1773999159509 0.4607667922973633 51100
1773999161262 0.012183189392089844 51150
1773999228408 0.2912721633911133 51200
1773999230788 0.03131294250488281 51250
1773999232513 0.0795602798461914 51300
1773999234237 0.02383708953857422 51350
1773999236011 0.07447624206542969 51400
1773999237737 0.06650161743164062 51450
1773999239409 0.10178565979003906 51500
1773999241194 0.030447959899902344 51550
1773999242950 0.3757133483886719 51600
1773999244702 0.12868499755859375 51650
1773999246419 0.08675956726074219 51700
1773999248109 0.01883220672607422 51750
1773999249809 0.3778543472290039 51800
1773999251461 0.013013839721679688 51850
1773999253246 0.09914302825927734 51900
1773999255016 0.04595661163330078 51950
1773999323695 0.07796192169189453 52000
1773999326157 0.12042999267578125 52050
1773999327924 0.03915119171142578 52100
1773999329599 0.16585254669189453 52150
1773999331312 0.046463966369628906 52200
1773999333140 0.10122299194335938 52250
1773999334888 0.23575973510742188 52300
1773999336590 0.032196044921875 52350
1773999338297 0.13078975677490234 52400
1773999339961 0.006323814392089844 52450
1773999341661 0.3766469955444336 52500
1773999343365 0.022359848022460938 52550
1773999345126 0.08672142028808594 52600
1773999346904 0.15855884552001953 52650
1773999348599 0.07008934020996094 52700
1773999350239 0.058750152587890625 52750
1773999419032 0.055706024169921875 52800
1773999421505 0.06283283233642578 52850
1773999423236 0.1653728485107422 52900
1773999424971 0.27102184295654297 52950
1773999426710 0.1753559112548828 53000
1773999428495 0.4270458221435547 53050
1773999430177 0.3555946350097656 53100
1773999431902 0.11678791046142578 53150
1773999433637 0.017617225646972656 53200
1773999435416 0.25225067138671875 53250
1773999437078 0.12988948822021484 53300
1773999438790 0.03461456298828125 53350
1773999440512 0.054009437561035156 53400
1773999442268 0.013624191284179688 53450
1773999443963 0.08331298828125 53500
1773999445701 0.05727863311767578 53550
1773999514429 0.026650428771972656 53600
1773999516828 0.05553245544433594 53650
1773999518623 0.34836292266845703 53700
1773999520322 0.0017490386962890625 53750
1773999522092 0.022238731384277344 53800
1773999523786 0.07491683959960938 53850
1773999525524 0.04768848419189453 53900
1773999527201 0.04968070983886719 53950
1773999528963 0.11194515228271484 54000
1773999530735 0.14936351776123047 54050
1773999532433 0.13317108154296875 54100
1773999534198 0.03519725799560547 54150
1773999535861 0.06648731231689453 54200
1773999537580 0.09624385833740234 54250
1773999539322 0.07807731628417969 54300
1773999541084 0.03521537780761719 54350
1773999608346 0.19133281707763672 54400
1773999610848 0.02445220947265625 54450
1773999612560 0.047173500061035156 54500
1773999614218 0.0176849365234375 54550
1773999615956 0.037021636962890625 54600
1773999617665 0.055764198303222656 54650
1773999619415 0.37987709045410156 54700
1773999621126 0.12063789367675781 54750
1773999622875 0.051898956298828125 54800
1773999624657 0.05140495300292969 54850
1773999626367 0.11702823638916016 54900
1773999628116 0.25263118743896484 54950
1773999629913 0.018729209899902344 55000
1773999631666 0.07311725616455078 55050
1773999633428 0.03392219543457031 55100
1773999635115 0.05433940887451172 55150
1773999703832 0.016679763793945312 55200
1773999706298 0.007355690002441406 55250
1773999708073 0.18930912017822266 55300
1773999709819 0.2789497375488281 55350
1773999711601 0.3307371139526367 55400
1773999713358 0.12435245513916016 55450
1773999715167 0.0024557113647460938 55500
1773999716866 0.050261497497558594 55550
1773999718580 0.08764839172363281 55600
1773999720337 0.11177349090576172 55650
1773999722058 0.06910228729248047 55700
1773999723786 0.07627296447753906 55750
1773999725518 0.01605224609375 55800
1773999727215 0.1943683624267578 55850
1773999728971 0.07650184631347656 55900
1773999730692 0.0699453353881836 55950
1773999799654 0.05857276916503906 56000
1773999802105 0.048664093017578125 56050
1773999803823 0.09721660614013672 56100
1773999805557 0.1795520782470703 56150
1773999807282 0.0655965805053711 56200
1773999809027 0.1475372314453125 56250
1773999810760 0.034168243408203125 56300
1773999812493 0.06851005554199219 56350
1773999814181 0.1714944839477539 56400
1773999815908 0.04818439483642578 56450
1773999817608 0.048583984375 56500
1773999819358 0.08318805694580078 56550
1773999821092 0.15124797821044922 56600
1773999822806 0.08725643157958984 56650
1773999824535 0.02465534210205078 56700
1773999826268 0.10361003875732422 56750
1773999895137 0.17502403259277344 56800
1773999897632 0.02223682403564453 56850
1773999899359 0.1198129653930664 56900
1773999901175 0.0010976791381835938 56950
1773999902892 0.011199951171875 57000
1773999904607 0.04181480407714844 57050
1773999906372 0.007863044738769531 57100
1773999908149 0.162933349609375 57150
1773999909778 0.18394851684570312 57200
1773999911570 0.16321468353271484 57250
1773999913358 0.14784622192382812 57300
1773999915188 0.057323455810546875 57350
1773999916980 0.12964248657226562 57400
1773999918756 0.008104324340820312 57450
1773999920532 0.07441234588623047 57500
1773999922174 0.04471874237060547 57550
1773999991873 0.3932161331176758 57600
1773999994306 0.15848827362060547 57650
1773999996066 0.019527435302734375 57700
1773999997816 0.16010570526123047 57750
1773999999581 0.0829610824584961 57800
1774000001318 0.09230804443359375 57850
1774000003075 0.5014858245849609 57900
1774000004829 0.1401824951171875 57950
1774000006564 0.007664680480957031 58000
1774000008342 0.033364295959472656 58050
1774000010115 0.09322166442871094 58100
1774000011887 0.06053447723388672 58150
1774000013646 0.19024944305419922 58200
1774000015453 0.05604076385498047 58250
1774000017241 0.005397796630859375 58300
1774000018952 0.06494426727294922 58350
1774000087869 0.16628456115722656 58400
1774000090269 0.06630229949951172 58450
1774000092041 0.17555522918701172 58500
1774000093765 0.35825157165527344 58550
1774000095516 0.02093505859375 58600
1774000097269 0.022632598876953125 58650
1774000098961 0.13193321228027344 58700
1774000100674 0.2732572555541992 58750
1774000102438 0.006897926330566406 58800
1774000104281 0.07766437530517578 58850
1774000105956 0.04268646240234375 58900
1774000107728 0.18835830688476562 58950
1774000109454 0.0027990341186523438 59000
1774000111223 0.25089168548583984 59050
1774000112985 0.030549049377441406 59100
1774000114715 0.04451942443847656 59150
1774000181839 0.10355472564697266 59200
1774000184357 0.13125991821289062 59250
1774000186217 0.042049407958984375 59300
1774000187955 0.02248859405517578 59350
1774000189713 0.2272624969482422 59400
1774000191447 0.07986927032470703 59450
1774000193205 0.029848098754882812 59500
1774000194931 0.4204397201538086 59550
1774000196649 0.0039119720458984375 59600
1774000198388 0.17523479461669922 59650
1774000200156 0.2248077392578125 59700
1774000201928 0.3125877380371094 59750
1774000203656 0.019227027893066406 59800
1774000205428 0.16517066955566406 59850
1774000207156 0.022795677185058594 59900
1774000208922 0.0917816162109375 59950
1774000276154 0.061654090881347656 60000
1774000278795 0.10518360137939453 60050
1774000280524 0.02703571319580078 60100
1774000282274 0.060441017150878906 60150
1774000284033 0.10089778900146484 60200
1774000285763 0.019163131713867188 60250
1774000287519 0.03077411651611328 60300
1774000289257 0.09320545196533203 60350
1774000290959 0.06438827514648438 60400
1774000292782 0.08270454406738281 60450
1774000294516 0.05053424835205078 60500
1774000296329 0.23853302001953125 60550
1774000298083 0.07869148254394531 60600
1774000299855 0.2164173126220703 60650
1774000301621 0.007100105285644531 60700
1774000303363 0.031228065490722656 60750
1774000372083 0.08290576934814453 60800
1774000374622 0.035231590270996094 60850
1774000376365 0.09639739990234375 60900
1774000378103 0.1238260269165039 60950
1774000379874 0.010663032531738281 61000
1774000381633 0.23319339752197266 61050
1774000383488 0.022089004516601562 61100
1774000385225 0.21541118621826172 61150
1774000386945 0.04743671417236328 61200
1774000388710 0.24913311004638672 61250
1774000390459 0.0001010894775390625 61300
1774000392241 0.1425008773803711 61350
1774000394035 0.12283039093017578 61400
1774000395802 0.2042675018310547 61450
1774000397619 0.11326789855957031 61500
1774000399351 0.14830303192138672 61550
1774000471346 0.03693580627441406 61600
1774000473796 0.05305194854736328 61650
1774000475557 0.03847312927246094 61700
1774000477333 0.09530258178710938 61750
1774000479117 0.07387733459472656 61800
1774000480835 0.06161022186279297 61850
1774000482584 0.10975170135498047 61900
1774000484317 0.007853507995605469 61950
1774000486210 0.05436229705810547 62000
1774000487937 0.13614368438720703 62050
1774000489637 0.16508865356445312 62100
1774000491386 0.004212379455566406 62150
1774000493205 0.19748210906982422 62200
1774000494997 0.00827789306640625 62250
1774000496762 0.2162914276123047 62300
1774000498568 0.05672264099121094 62350
1774000567398 0.12145614624023438 62400
1774000569918 0.1677875518798828 62450
1774000571700 0.09550285339355469 62500
1774000573430 0.11103630065917969 62550
1774000575169 0.09125518798828125 62600
1774000576961 0.08756351470947266 62650
1774000578751 0.06800651550292969 62700
1774000580514 0.3236408233642578 62750
1774000582248 0.07964515686035156 62800
1774000583972 0.06923484802246094 62850
1774000585706 0.01718902587890625 62900
1774000587429 0.27056884765625 62950
1774000589143 0.1492786407470703 63000
1774000590878 0.1677713394165039 63050
1774000592660 0.09629249572753906 63100
1774000594426 0.14342403411865234 63150
1774000661563 0.0054035186767578125 63200
1774000664079 0.08898544311523438 63250
1774000665856 0.37230396270751953 63300
1774000667605 0.07586097717285156 63350
1774000669340 0.03963470458984375 63400
1774000671029 0.09138774871826172 63450
1774000672764 0.022383689880371094 63500
1774000674552 0.13210010528564453 63550
1774000676269 0.11683177947998047 63600
1774000678021 0.4661588668823242 63650
1774000679793 0.14930152893066406 63700
1774000681545 0.06055736541748047 63750
1774000683347 0.3310966491699219 63800
1774000685168 0.008319854736328125 63850
1774000686857 0.04867267608642578 63900
1774000688626 0.051245689392089844 63950
1774000760671 0.3339729309082031 64000
1774000763213 0.0006647109985351562 64050
1774000764961 0.057697296142578125 64100
1774000766790 0.05360698699951172 64150
1774000768526 0.027706146240234375 64200
1774000770304 0.0815572738647461 64250
1774000772079 0.09849071502685547 64300
1774000773807 0.033294677734375 64350
1774000775581 0.08798980712890625 64400
1774000777379 0.06510066986083984 64450
1774000779103 0.03571796417236328 64500
1774000780901 0.08132743835449219 64550
1774000782618 0.05464458465576172 64600
1774000784404 0.1314096450805664 64650
1774000786197 0.051497459411621094 64700
1774000788018 0.27311134338378906 64750
1774000856892 0.11624908447265625 64800
1774000859432 0.10912036895751953 64850
1774000861168 0.1719522476196289 64900
1774000862930 0.1148834228515625 64950
1774000864749 0.04099273681640625 65000
1774000866499 0.058577537536621094 65050
1774000868271 0.05882835388183594 65100
1774000870065 0.3426237106323242 65150
1774000871833 0.009822845458984375 65200
1774000873611 0.07296943664550781 65250
1774000875429 0.08568096160888672 65300
1774000877163 0.08566093444824219 65350
1774000878985 0.08263683319091797 65400
1774000880725 0.008541107177734375 65450
1774000882480 0.07020092010498047 65500
1774000884268 0.32489490509033203 65550
1774000953914 0.1974468231201172 65600
1774000956396 0.041046142578125 65650
1774000958097 0.023683547973632812 65700
1774000959816 0.017024993896484375 65750
1774000961644 0.11331844329833984 65800
1774000963414 0.24880123138427734 65850
1774000965173 0.25440502166748047 65900
1774000966922 0.027463912963867188 65950
1774000968721 0.01922321319580078 66000
1774000970462 0.03841972351074219 66050
1774000972204 0.021574020385742188 66100
1774000974006 0.050103187561035156 66150
1774000975779 0.0465850830078125 66200
1774000977505 0.27201271057128906 66250
1774000979251 0.09351253509521484 66300
1774000980992 0.24257564544677734 66350
1774001048154 0.32835865020751953 66400
1774001050659 0.014836311340332031 66450
1774001052340 0.030022621154785156 66500
1774001054068 0.021007537841796875 66550
1774001055847 0.10840702056884766 66600
1774001057589 0.20464706420898438 66650
1774001059373 0.16239261627197266 66700
1774001061139 0.05435657501220703 66750
1774001062872 0.04068946838378906 66800
1774001064685 0.16526031494140625 66850
1774001066453 0.04655170440673828 66900
1774001068303 0.22489261627197266 66950
1774001070109 0.06412506103515625 67000
1774001071897 0.03645801544189453 67050
1774001073625 0.03523826599121094 67100
1774001075402 0.12894916534423828 67150
1774001147516 0.034407615661621094 67200
1774001150164 0.07620429992675781 67250
1774001151898 0.10009193420410156 67300
1774001153595 0.11751174926757812 67350
1774001155365 0.09061717987060547 67400
1774001157163 0.1231527328491211 67450
1774001158892 0.14808082580566406 67500
1774001160703 0.1252269744873047 67550
1774001162482 0.007244110107421875 67600
1774001164244 0.017220497131347656 67650
1774001166010 0.11175918579101562 67700
1774001167872 0.019426345825195312 67750
1774001169564 0.0926198959350586 67800
1774001171328 0.024799346923828125 67850
1774001173149 0.33197593688964844 67900
1774001174910 0.09995174407958984 67950
1774001242244 0.11377334594726562 68000
1774001244762 0.04424095153808594 68050
1774001246498 0.02979278564453125 68100
1774001248236 0.02372264862060547 68150
1774001250014 0.08324718475341797 68200
1774001251707 0.03484630584716797 68250
1774001253481 0.08942508697509766 68300
1774001255232 0.08327770233154297 68350
1774001257033 0.0850057601928711 68400
1774001258761 0.4027061462402344 68450
1774001260490 0.11668682098388672 68500
1774001262291 0.029615402221679688 68550
1774001264071 0.017905235290527344 68600
1774001265823 0.07686233520507812 68650
1774001267585 0.0056610107421875 68700
1774001269400 0.1864023208618164 68750
1774001338201 0.05660533905029297 68800
1774001340668 0.4034700393676758 68850
1774001342466 0.01583576202392578 68900
1774001344226 0.028545379638671875 68950
1774001346038 0.10200309753417969 69000
1774001347785 0.21924591064453125 69050
1774001349585 0.07886886596679688 69100
1774001351314 0.24488449096679688 69150
1774001353084 0.27546024322509766 69200
1774001354844 0.03563404083251953 69250
1774001356627 0.054841041564941406 69300
1774001358396 0.14256858825683594 69350
1774001360147 0.09874725341796875 69400
1774001361882 0.08649635314941406 69450
1774001363626 0.07636070251464844 69500
1774001365379 0.006386756896972656 69550
1774001435124 0.009362220764160156 69600
1774001437719 0.1266155242919922 69650
1774001439644 0.04474163055419922 69700
1774001441381 0.028394699096679688 69750
1774001443156 0.09592914581298828 69800
1774001444919 0.0439910888671875 69850
1774001446669 0.010993003845214844 69900
1774001448390 0.10004138946533203 69950
1774001450113 0.02312469482421875 70000
1774001451848 0.022998809814453125 70050
1774001453606 0.14014530181884766 70100
1774001455395 0.04039478302001953 70150
1774001457222 0.07989692687988281 70200
1774001459003 0.18548202514648438 70250
1774001460801 0.1044301986694336 70300
1774001462604 0.07863140106201172 70350
1774001531499 0.2863788604736328 70400
1774001534061 0.12516021728515625 70450
1774001535828 0.16582679748535156 70500
1774001537601 0.0032472610473632812 70550
1774001539320 0.013734817504882812 70600
1774001541158 0.0712747573852539 70650
1774001542987 0.18657302856445312 70700
1774001544744 0.08409500122070312 70750
1774001546433 0.05074119567871094 70800
1774001548226 0.06549739837646484 70850
1774001549991 0.05442619323730469 70900
1774001551767 0.0009403228759765625 70950
1774001553567 0.06511974334716797 71000
1774001555339 0.0635995864868164 71050
1774001557107 0.056537628173828125 71100
1774001558863 0.09443855285644531 71150
1774001627642 0.15746212005615234 71200
1774001630207 0.12459945678710938 71250
1774001631986 0.1210031509399414 71300
1774001633738 0.09573841094970703 71350
1774001635457 0.113189697265625 71400
1774001637168 0.029181480407714844 71450
1774001638960 0.0009431838989257812 71500
1774001640760 0.11509132385253906 71550
1774001642580 0.06637954711914062 71600
1774001644329 0.035739898681640625 71650
1774001646076 0.06354999542236328 71700
1774001647834 0.01588153839111328 71750
1774001649617 0.014476776123046875 71800
1774001651349 0.23929595947265625 71850
1774001653116 0.1150350570678711 71900
1774001654871 0.042113304138183594 71950
1774001722275 0.24149608612060547 72000
1774001724768 0.07877349853515625 72050
1774001726562 0.15279769897460938 72100
1774001728308 0.36486148834228516 72150
1774001730091 0.03898429870605469 72200
1774001731836 0.3037080764770508 72250
1774001733655 0.1494903564453125 72300
1774001735409 0.08176231384277344 72350
1774001737178 0.1221923828125 72400
1774001738939 0.22693824768066406 72450
1774001740671 0.16289043426513672 72500
1774001742479 0.02114582061767578 72550
1774001744294 0.06627273559570312 72600
1774001746001 0.11748218536376953 72650
1774001747766 0.1280374526977539 72700
1774001749526 0.07486438751220703 72750
1774001818348 0.04518318176269531 72800
1774001820885 0.08111858367919922 72850
1774001822667 0.06288909912109375 72900
1774001824423 0.008883476257324219 72950
1774001826203 0.01839923858642578 73000
1774001827895 0.16680145263671875 73050
1774001829568 0.26482677459716797 73100
1774001831324 0.0057582855224609375 73150
1774001833101 0.1444082260131836 73200
1774001834859 0.06581974029541016 73250
1774001836636 0.03971672058105469 73300
1774001838393 0.2518119812011719 73350
1774001840253 0.4280977249145508 73400
1774001842038 0.03602313995361328 73450
1774001843905 0.0013141632080078125 73500
1774001845725 0.09770011901855469 73550
1774001914608 0.0836343765258789 73600
1774001917190 0.16700172424316406 73650
1774001918997 0.054894447326660156 73700
1774001920788 0.034740447998046875 73750
1774001922623 0.15390682220458984 73800
1774001924402 0.04356193542480469 73850
1774001926192 0.14408588409423828 73900
1774001928005 0.100250244140625 73950
1774001929790 0.2532978057861328 74000
1774001931505 0.13312149047851562 74050
1774001933223 0.2720346450805664 74100
1774001935051 0.08504009246826172 74150
1774001936856 0.27011966705322266 74200
1774001938746 0.008379936218261719 74250
1774001940494 0.027832984924316406 74300
1774001942288 0.25977134704589844 74350
1774002009444 0.12567138671875 74400
1774002012048 0.03032398223876953 74450
1774002013798 0.0968637466430664 74500
1774002015630 0.23851299285888672 74550
1774002017496 0.41240406036376953 74600
1774002019272 0.09148979187011719 74650
1774002021046 0.02947998046875 74700
1774002022798 0.028850555419921875 74750
1774002024617 0.0788717269897461 74800
1774002026397 0.014685630798339844 74850
1774002028205 0.30236339569091797 74900
1774002029989 0.08739280700683594 74950
1774002031774 0.25373172760009766 75000
1774002033585 0.2715902328491211 75050
1774002035306 0.057923316955566406 75100
1774002037069 0.36988162994384766 75150
1774002109225 0.18373584747314453 75200
1774002111826 0.00024509429931640625 75250
1774002113653 0.22158145904541016 75300
1774002115519 0.09033203125 75350
1774002117331 0.21458148956298828 75400
1774002119089 0.1222238540649414 75450
1774002120850 0.017978668212890625 75500
1774002122643 0.2212200164794922 75550
1774002124387 0.01829051971435547 75600
1774002126118 0.01683330535888672 75650
1774002127851 0.028326988220214844 75700
1774002129669 0.012352943420410156 75750
1774002131466 0.07019805908203125 75800
1774002133294 0.06015300750732422 75850
1774002135083 0.30686473846435547 75900
1774002136849 0.044422149658203125 75950
1774002205752 0.07555198669433594 76000
1774002208348 0.039856910705566406 76050
1774002210154 0.25757503509521484 76100
1774002211921 0.07882404327392578 76150
1774002213680 0.012233734130859375 76200
1774002215594 0.16507339477539062 76250
1774002217390 0.11977767944335938 76300
1774002219210 0.10491275787353516 76350
1774002220981 0.20432376861572266 76400
1774002222813 0.20339584350585938 76450
1774002224533 0.10161590576171875 76500
1774002226308 0.08503341674804688 76550
1774002228117 0.09937667846679688 76600
1774002229906 0.03274822235107422 76650
1774002231670 0.048186302185058594 76700
1774002233427 0.06373882293701172 76750
1774002303296 0.06015968322753906 76800
1774002305832 0.3192787170410156 76850
1774002307641 0.07575416564941406 76900
1774002309386 7.724761962890625e-05 76950
1774002311184 0.07261466979980469 77000
1774002312967 0.09799003601074219 77050
1774002314759 0.13655662536621094 77100
1774002316492 0.06176948547363281 77150
1774002318274 0.12892532348632812 77200
1774002320125 0.022220611572265625 77250
1774002321919 0.011841773986816406 77300
1774002323669 0.21774864196777344 77350
1774002325471 0.19133663177490234 77400
1774002327218 0.011842727661132812 77450
1774002328987 0.08542919158935547 77500
1774002330758 0.24734020233154297 77550
1774002397986 0.07239913940429688 77600
1774002400594 0.07081127166748047 77650
1774002402379 0.13704967498779297 77700
1774002404187 0.05422687530517578 77750
1774002405997 0.035388946533203125 77800
1774002407839 0.1946086883544922 77850
1774002409637 0.1392507553100586 77900
1774002411408 0.007790565490722656 77950
1774002413213 0.037566184997558594 78000
1774002414966 0.09952735900878906 78050
1774002416792 0.16753578186035156 78100
1774002418555 0.07046890258789062 78150
1774002420461 0.12984275817871094 78200
1774002422195 0.13341045379638672 78250
1774002423972 0.11963081359863281 78300
1774002425741 0.029111862182617188 78350
1774002495568 0.049309730529785156 78400
1774002498091 0.091400146484375 78450
1774002499894 0.0580902099609375 78500
1774002501701 0.0017414093017578125 78550
1774002503490 0.10587501525878906 78600
1774002505256 0.4204111099243164 78650
1774002506989 0.017760276794433594 78700
1774002508749 0.07920646667480469 78750
1774002510547 0.14912700653076172 78800
1774002512394 0.17721271514892578 78850
1774002514126 0.0034637451171875 78900
1774002515921 0.10540008544921875 78950
1774002517711 0.06908035278320312 79000
1774002519555 0.02883625030517578 79050
1774002521355 0.014751434326171875 79100
1774002523145 0.08649444580078125 79150
1774002592008 0.07299423217773438 79200
1774002594593 0.4047727584838867 79250
1774002596471 0.09849357604980469 79300
1774002598216 0.08970928192138672 79350
1774002600023 0.001544952392578125 79400
1774002601787 0.14977264404296875 79450
1774002603556 0.34491539001464844 79500
1774002605324 0.09273719787597656 79550
1774002607139 0.08876514434814453 79600
1774002608970 0.005213737487792969 79650
1774002610713 0.14550113677978516 79700
1774002612554 0.043331146240234375 79750
1774002614364 0.10809040069580078 79800
1774002616127 0.2519960403442383 79850
1774002618003 0.09662818908691406 79900
1774002619785 0.0800313949584961 79950
1774002689589 0.0854034423828125 80000
1774002692147 0.06630229949951172 80050
1774002693932 0.07471752166748047 80100
1774002695666 0.1309213638305664 80150
1774002697575 0.052611351013183594 80200
1774002699327 0.06088066101074219 80250
1774002701188 0.048465728759765625 80300
1774002703026 0.3014564514160156 80350
1774002704850 0.0635385513305664 80400
1774002706675 0.0006961822509765625 80450
1774002708415 0.2081460952758789 80500
1774002710179 0.0012006759643554688 80550
1774002711960 0.039414405822753906 80600
1774002713792 0.37337493896484375 80650
1774002715506 0.25295257568359375 80700
1774002717348 0.058257102966308594 80750
1774002789511 0.11342048645019531 80800
1774002792017 0.036556243896484375 80850
1774002793784 0.20618534088134766 80900
1774002795479 0.13199615478515625 80950
1774002797320 0.06993961334228516 81000
1774002799108 0.3333311080932617 81050
1774002800892 0.10099601745605469 81100
1774002802640 0.013853073120117188 81150
1774002804384 0.33382606506347656 81200
1774002806259 0.06321048736572266 81250
1774002808017 0.052140235900878906 81300
1774002809742 0.34732818603515625 81350
1774002811518 0.2620248794555664 81400
1774002813349 0.11642265319824219 81450
1774002815225 0.045685768127441406 81500
1774002817000 0.1393575668334961 81550
1774002884265 0.11179447174072266 81600
1774002886806 0.11767578125 81650
1774002888576 0.008539199829101562 81700
1774002890308 0.1336688995361328 81750
1774002892128 0.03870391845703125 81800
1774002893930 0.14969348907470703 81850
1774002895690 0.1461811065673828 81900
1774002897488 0.02498912811279297 81950
1774002899242 0.3151407241821289 82000
1774002900997 0.12328243255615234 82050
1774002902794 0.14714908599853516 82100
1774002904605 0.013410568237304688 82150
1774002906513 0.0010309219360351562 82200
1774002908361 0.04431343078613281 82250
1774002910195 0.16692447662353516 82300
1774002912002 0.060143470764160156 82350
1774002978590 0.015228271484375 82400
1774002981186 0.06286907196044922 82450
1774002982926 0.001468658447265625 82500
1774002984652 0.31584835052490234 82550
1774002986336 0.057231903076171875 82600
1774002987975 0.1368694305419922 82650
1774002989658 0.14455795288085938 82700
1774002991416 0.17163562774658203 82750
1774002993116 0.08488845825195312 82800
1774002994860 0.015298843383789062 82850
1774002996582 0.13849544525146484 82900
1774002998325 0.3023710250854492 82950
1774003000047 0.14790821075439453 83000
1774003001791 0.05940437316894531 83050
1774003003508 0.004750251770019531 83100
1774003005246 0.006575584411621094 83150
1774003067514 0.021872520446777344 83200
1774003069988 0.019906044006347656 83250
1774003071701 0.01983356475830078 83300
1774003073448 0.053198814392089844 83350
1774003075171 0.024590492248535156 83400
1774003076880 0.017678260803222656 83450
1774003078621 0.10338592529296875 83500
1774003080346 0.0700216293334961 83550
1774003082050 0.09452629089355469 83600
1774003083709 0.09903430938720703 83650
1774003085380 0.08514404296875 83700
1774003087041 0.09307670593261719 83750
1774003088816 0.035765647888183594 83800
1774003090529 0.038697242736816406 83850
1774003092271 0.011967658996582031 83900
1774003094020 0.2339620590209961 83950
1774003154782 0.04889106750488281 84000
1774003157215 0.05079460144042969 84050
1774003158913 0.18778228759765625 84100
1774003160647 0.055011749267578125 84150
1774003162526 0.0019741058349609375 84200
1774003164281 0.039542198181152344 84250
1774003166036 0.23731231689453125 84300
1774003167733 0.04298877716064453 84350
1774003169436 0.1998424530029297 84400
1774003171100 0.3282012939453125 84450
1774003172874 0.03171253204345703 84500
1774003174600 0.2836580276489258 84550
1774003176304 0.0779275894165039 84600
1774003178082 0.1397686004638672 84650
1774003179801 0.07860851287841797 84700
1774003181518 0.035980224609375 84750
1774003243918 0.12045764923095703 84800
1774003246303 0.1757192611694336 84850
1774003248102 0.028411865234375 84900
1774003249830 0.11426067352294922 84950
1774003251514 0.012857437133789062 85000
1774003253201 0.07710552215576172 85050
1774003254909 0.037941932678222656 85100
1774003256626 0.14159202575683594 85150
1774003258374 0.002716064453125 85200
1774003260092 0.030625343322753906 85250
1774003261860 0.006816864013671875 85300
1774003263642 0.16698551177978516 85350
1774003265361 0.000919342041015625 85400
1774003267064 0.04520702362060547 85450
1774003268792 0.08215713500976562 85500
1774003270486 0.1162109375 85550
1774003336154 0.09279537200927734 85600
1774003338706 0.129852294921875 85650
1774003340472 0.08732223510742188 85700
1774003342196 0.31209754943847656 85750
1774003343936 0.02994823455810547 85800
1774003345582 0.048727989196777344 85850
1774003347281 0.06910133361816406 85900
1774003348983 0.0686197280883789 85950
1774003350702 0.13506698608398438 86000
1774003352402 0.32201480865478516 86050
1774003354165 0.16430950164794922 86100
1774003356002 0.02006816864013672 86150
1774003357797 0.01213836669921875 86200
1774003359533 0.09724140167236328 86250
1774003361273 0.11153793334960938 86300
1774003362986 0.013868331909179688 86350
1774003423738 0.18531417846679688 86400
1774003426214 0.2273883819580078 86450
1774003427921 0.08838748931884766 86500
1774003429631 0.1376056671142578 86550
1774003431440 0.05492591857910156 86600
1774003433127 0.2721977233886719 86650
1774003434847 0.11922264099121094 86700
1774003436579 0.043506622314453125 86750
1774003438308 0.07970523834228516 86800
1774003440042 0.18327808380126953 86850
1774003441757 0.4929380416870117 86900
1774003443483 0.016035079956054688 86950
1774003445196 0.048911094665527344 87000
1774003446907 0.0865936279296875 87050
1774003448644 0.0860605239868164 87100
1774003450377 0.2035531997680664 87150
1774003512742 0.006184577941894531 87200
1774003515230 0.1768331527709961 87250
1774003516948 0.040802955627441406 87300
1774003518707 0.0609283447265625 87350
1774003520494 0.01845073699951172 87400
1774003522204 0.08522319793701172 87450
1774003523915 0.05528068542480469 87500
1774003525611 0.024723052978515625 87550
1774003527391 0.061412811279296875 87600
1774003529186 0.0982656478881836 87650
1774003530892 0.06859493255615234 87700
1774003532616 0.1625347137451172 87750
1774003534372 0.18894577026367188 87800
1774003536049 0.15256786346435547 87850
1774003537764 0.20766353607177734 87900
1774003539473 0.04547595977783203 87950
1774003600229 0.1367931365966797 88000
1774003602875 0.024888038635253906 88050
1774003604626 0.05547618865966797 88100
1774003606290 0.09588146209716797 88150
1774003608082 0.09919548034667969 88200
1774003609860 0.05581474304199219 88250
1774003611622 0.0871734619140625 88300
1774003613340 0.08928585052490234 88350
1774003615055 0.07453727722167969 88400
1774003616794 0.016805648803710938 88450
1774003618601 0.08545970916748047 88500
1774003620351 0.0390625 88550
1774003622136 0.09749698638916016 88600
1774003623850 0.05934906005859375 88650
1774003625547 0.022314071655273438 88700
1774003627287 0.050719261169433594 88750
1774003690558 0.1070699691772461 88800
1774003693176 0.09747791290283203 88850
1774003694948 0.02894306182861328 88900
1774003696738 0.05163383483886719 88950
1774003698461 0.16796588897705078 89000
1774003700188 0.10296249389648438 89050
1774003701890 0.12381362915039062 89100
1774003703549 0.031091690063476562 89150
1774003705372 0.1764516830444336 89200
1774003707130 0.04631519317626953 89250
1774003708824 0.052353858947753906 89300
1774003710625 0.09124183654785156 89350
1774003712339 0.0658426284790039 89400
1774003714081 0.09726142883300781 89450
1774003715823 0.05391883850097656 89500
1774003717484 0.037009239196777344 89550
1774003780006 0.0975637435913086 89600
1774003782472 0.0237579345703125 89650
1774003784215 0.02341747283935547 89700
1774003785947 0.15495014190673828 89750
1774003787727 0.06484031677246094 89800
1774003789526 0.08397102355957031 89850
1774003791272 0.07007122039794922 89900
1774003793066 0.21161365509033203 89950
1774003794803 0.14536190032958984 90000
1774003796562 0.38527870178222656 90050
1774003798299 0.03598785400390625 90100
1774003800084 0.04708099365234375 90150
1774003801876 0.2487621307373047 90200
1774003803543 0.040081024169921875 90250
1774003805363 0.13666629791259766 90300
1774003807067 0.039589881896972656 90350
1774003872733 0.43106937408447266 90400
1774003875212 0.10997962951660156 90450
1774003876934 0.050202369689941406 90500
1774003878690 0.09183597564697266 90550
1774003880398 0.2134408950805664 90600
1774003882136 0.08518600463867188 90650
1774003883847 0.10333919525146484 90700
1774003885577 0.014751434326171875 90750
1774003887387 0.053336143493652344 90800
1774003889149 0.026963233947753906 90850
1774003890881 0.027568817138671875 90900
1774003892667 0.2973031997680664 90950
1774003894510 0.3407163619995117 91000
1774003896271 0.010175704956054688 91050
1774003897924 0.043862342834472656 91100
1774003899693 0.41487789154052734 91150
1774003962095 0.08793830871582031 91200
1774003964585 0.23481178283691406 91250
1774003966300 0.0225830078125 91300
1774003967983 0.09931278228759766 91350
1774003969759 0.1378030776977539 91400
1774003971464 0.11711788177490234 91450
1774003973195 0.008716583251953125 91500
1774003974935 0.07097053527832031 91550
1774003976687 0.33332252502441406 91600
1774003978473 0.01927661895751953 91650
1774003980226 0.09380912780761719 91700
1774003982009 0.2853517532348633 91750
1774003983780 0.14914989471435547 91800
1774003985561 0.011343955993652344 91850
1774003987319 0.027329444885253906 91900
1774003989030 0.025938034057617188 91950
1774004051451 0.16426849365234375 92000
1774004053870 0.2290964126586914 92050
1774004055590 0.2358074188232422 92100
1774004057311 0.019701004028320312 92150
1774004059054 0.17350387573242188 92200
1774004060819 0.10886001586914062 92250
1774004062532 0.1439800262451172 92300
1774004064383 0.02538299560546875 92350
1774004066114 0.02516937255859375 92400
1774004067826 0.00250244140625 92450
1774004069570 0.05917644500732422 92500
1774004071315 0.22584152221679688 92550
1774004073137 0.16514205932617188 92600
1774004074850 0.008156776428222656 92650
1774004076527 0.028743743896484375 92700
1774004078217 0.15739154815673828 92750
1774004140724 0.06620407104492188 92800
1774004143255 0.2442302703857422 92850
1774004144986 0.09439754486083984 92900
1774004146781 0.1003713607788086 92950
1774004148546 0.08147621154785156 93000
1774004150321 0.15540504455566406 93050
1774004152066 0.10775566101074219 93100
1774004153791 0.05372905731201172 93150
1774004155554 0.03973197937011719 93200
1774004157312 0.10582542419433594 93250
1774004159052 0.1160745620727539 93300
1774004160811 0.03929615020751953 93350
1774004162565 0.2374410629272461 93400
1774004164305 0.0540008544921875 93450
1774004166052 0.19228267669677734 93500
1774004167734 0.08106613159179688 93550
1774004230225 0.0653238296508789 93600
1774004232699 0.03105449676513672 93650
1774004234440 0.15447139739990234 93700
1774004236170 0.3325948715209961 93750
1774004237982 0.13650989532470703 93800
1774004239768 0.09603118896484375 93850
1774004241519 0.0016260147094726562 93900
1774004243295 0.11656379699707031 93950
1774004245079 0.16233539581298828 94000
1774004246805 0.0837545394897461 94050
1774004248546 0.04059410095214844 94100
1774004250213 0.3301105499267578 94150
1774004251906 0.024985313415527344 94200
1774004253598 0.10996055603027344 94250
1774004255474 0.06506061553955078 94300
1774004257268 0.08148765563964844 94350
1774004319806 0.04635810852050781 94400
1774004322272 0.04279804229736328 94450
1774004323979 0.02431964874267578 94500
1774004325663 0.04018592834472656 94550
1774004327427 0.07946491241455078 94600
1774004329143 0.06802177429199219 94650
1774004330917 0.006641387939453125 94700
1774004332661 0.07480907440185547 94750
1774004334407 0.05959892272949219 94800
1774004336166 0.019196510314941406 94850
1774004337905 0.03433799743652344 94900
1774004339668 0.16170978546142578 94950
1774004341356 0.053406715393066406 95000
1774004343027 0.038211822509765625 95050
1774004344798 0.15554428100585938 95100
1774004346489 0.05477428436279297 95150
1774004408882 0.09236621856689453 95200
1774004411388 0.06657600402832031 95250
1774004413212 0.023299217224121094 95300
1774004414984 0.06656646728515625 95350
1774004416668 0.1237325668334961 95400
1774004418380 0.08925819396972656 95450
1774004420125 0.11713790893554688 95500
1774004421871 0.04395008087158203 95550
1774004423650 0.11734199523925781 95600
1774004425438 0.07175064086914062 95650
1774004427124 0.3797445297241211 95700
1774004428854 0.3753480911254883 95750
1774004430578 0.0871286392211914 95800
1774004432296 0.06404972076416016 95850
1774004434013 0.2108612060546875 95900
1774004435754 0.05240058898925781 95950
1774004498198 0.05977916717529297 96000
1774004500689 0.04092597961425781 96050
1774004502483 0.0020313262939453125 96100
1774004504156 0.062427520751953125 96150
1774004505929 0.0009937286376953125 96200
1774004507790 0.04341888427734375 96250
1774004509558 0.1246194839477539 96300
1774004511310 0.1526479721069336 96350
1774004513083 0.061412811279296875 96400
1774004514838 0.06784343719482422 96450
1774004516581 0.10156726837158203 96500
1774004518328 0.09238243103027344 96550
1774004520035 0.024898529052734375 96600
1774004521782 0.1476001739501953 96650
1774004523505 0.1909961700439453 96700
1774004525236 0.1833658218383789 96750
1774004588440 0.3535604476928711 96800
1774004590957 0.024773597717285156 96850
1774004592677 0.04622173309326172 96900
1774004594396 0.00682830810546875 96950
1774004596139 0.011989593505859375 97000
1774004597877 0.012682914733886719 97050
1774004599607 0.016303062438964844 97100
1774004601336 0.29724693298339844 97150
1774004603089 0.11079597473144531 97200
1774004604806 0.027957916259765625 97250
1774004606507 0.043354034423828125 97300
1774004608208 0.04372978210449219 97350
1774004609947 0.06498336791992188 97400
1774004611716 0.050930023193359375 97450
1774004613508 0.0028924942016601562 97500
1774004615320 0.01676177978515625 97550
1774004678595 0.14848804473876953 97600
1774004681040 0.24506855010986328 97650
1774004682874 0.3184852600097656 97700
1774004684614 0.02076435089111328 97750
1774004686372 0.1812419891357422 97800
1774004688131 0.14518070220947266 97850
1774004689896 0.02577972412109375 97900
1774004691652 0.0488739013671875 97950
1774004693467 0.22108173370361328 98000
1774004695357 0.10642337799072266 98050
1774004697087 0.03715801239013672 98100
1774004698889 0.10944652557373047 98150
1774004700657 0.0973215103149414 98200
1774004702433 0.015053749084472656 98250
1774004704126 0.0157928466796875 98300
1774004705896 0.29425811767578125 98350
1774004769240 0.058852195739746094 98400
1774004771837 0.05249977111816406 98450
1774004773585 0.04657936096191406 98500
1774004775351 0.3479804992675781 98550
1774004777067 0.11931991577148438 98600
1774004778872 0.23441314697265625 98650
1774004780584 0.25726795196533203 98700
1774004782336 0.0025739669799804688 98750
1774004784106 0.07302665710449219 98800
1774004785859 0.1050271987915039 98850
1774004787685 0.3646697998046875 98900
1774004789439 0.027795791625976562 98950
1774004791211 0.04706287384033203 99000
1774004793021 0.03641319274902344 99050
1774004794716 0.04455280303955078 99100
1774004796448 0.2794952392578125 99150
1774004858757 0.1594552993774414 99200
1774004861215 0.08237743377685547 99250
1774004862993 0.031148910522460938 99300
1774004864773 0.009522438049316406 99350
1774004866489 0.03003406524658203 99400
1774004868264 0.23418045043945312 99450
1774004869959 0.041748046875 99500
1774004871715 0.13673019409179688 99550
1774004873458 0.007875442504882812 99600
1774004875183 0.05399036407470703 99650
1774004876931 0.2347393035888672 99700
1774004878702 0.19536972045898438 99750
1774004880449 0.11192989349365234 99800
1774004882204 0.34258556365966797 99850
1774004883960 0.07116985321044922 99900
1774004885748 0.08070850372314453 99950
1774004949119 0.1319561004638672 100000
1774004951735 0.045472145080566406 100050
1774004953517 0.03513813018798828 100100
1774004955319 0.016880035400390625 100150
1774004957081 0.23414897918701172 100200
1774004958889 0.05508995056152344 100250
1774004960645 0.05871772766113281 100300
1774004962344 0.03824806213378906 100350
1774004964120 0.06609153747558594 100400
1774004965869 0.13484764099121094 100450
1774004967601 0.020830154418945312 100500
1774004969364 0.12163162231445312 100550
1774004971126 0.06244182586669922 100600
1774004972907 0.03249835968017578 100650
1774004974667 0.2277231216430664 100700
1774004976407 0.017716407775878906 100750
1774005038860 0.05728721618652344 100800
1774005041391 0.09342288970947266 100850
1774005043188 0.13364028930664062 100900
1774005044986 0.0040645599365234375 100950
1774005046881 0.09132671356201172 101000
1774005048675 0.16907215118408203 101050
1774005050394 0.276336669921875 101100
1774005052104 0.0807046890258789 101150
1774005053868 0.13579463958740234 101200
1774005055671 0.0254058837890625 101250
1774005057429 0.05126667022705078 101300
1774005059223 0.0836191177368164 101350
1774005060987 0.04364013671875 101400
1774005062732 0.07383918762207031 101450
1774005064477 0.025282859802246094 101500
1774005066273 0.2794075012207031 101550
1774005128675 0.04483222961425781 101600
1774005131197 0.09289169311523438 101650
1774005133027 0.15774250030517578 101700
1774005134741 0.11684417724609375 101750
1774005136499 0.028138160705566406 101800
1774005138244 0.043456077575683594 101850
1774005140010 0.30487060546875 101900
1774005141837 0.07401275634765625 101950
1774005143589 0.05854320526123047 102000
1774005145269 0.17586994171142578 102050
1774005147005 0.10600090026855469 102100
1774005148808 0.17978763580322266 102150
1774005150542 0.27292919158935547 102200
1774005152288 0.02908802032470703 102250
1774005154035 0.07686138153076172 102300
1774005155822 0.04011726379394531 102350
1774005216549 0.07529926300048828 102400
1774005219056 0.018489837646484375 102450
1774005220824 0.036876678466796875 102500
1774005222542 0.07256221771240234 102550
1774005224343 0.3232841491699219 102600
1774005226208 0.16354751586914062 102650
1774005227963 0.4365272521972656 102700
1774005229728 0.035948753356933594 102750
1774005231554 0.007039070129394531 102800
1774005233374 0.05404376983642578 102850
1774005235145 0.009135246276855469 102900
1774005236989 0.05520343780517578 102950
1774005238784 0.15320491790771484 103000
1774005240538 0.11691665649414062 103050
1774005242368 0.45322227478027344 103100
1774005244107 0.14624786376953125 103150
1774005306585 0.20633411407470703 103200
1774005308973 0.26013660430908203 103250
1774005310702 0.07512283325195312 103300
1774005312493 0.0739431381225586 103350
1774005314228 0.01840972900390625 103400
1774005315978 0.3400077819824219 103450
1774005317782 0.015445709228515625 103500
1774005319517 0.0016069412231445312 103550
1774005321317 0.07048702239990234 103600
1774005323099 0.06409454345703125 103650
1774005324875 0.06127643585205078 103700
1774005326645 0.0601959228515625 103750
1774005328389 0.017696380615234375 103800
1774005330152 0.03696250915527344 103850
1774005332009 0.0235748291015625 103900
1774005333803 0.04927539825439453 103950
1774005394642 0.1639385223388672 104000
1774005397171 0.11984634399414062 104050
1774005399014 0.0010137557983398438 104100
1774005400757 0.008515357971191406 104150
1774005402468 0.04225349426269531 104200
1774005404241 0.013518333435058594 104250
1774005405955 0.05169105529785156 104300
1774005407769 0.028530120849609375 104350
1774005409467 0.07489013671875 104400
1774005411211 0.052387237548828125 104450
1774005413003 0.0054798126220703125 104500
1774005414739 0.022069931030273438 104550
1774005416451 0.2144622802734375 104600
1774005418213 0.23182106018066406 104650
1774005420012 0.0014095306396484375 104700
1774005421775 0.021982192993164062 104750
1774005484203 0.07642364501953125 104800
1774005486812 0.0007505416870117188 104850
1774005488576 0.11528205871582031 104900
1774005490361 0.004288673400878906 104950
1774005492139 0.14553165435791016 105000
1774005493918 0.11574649810791016 105050
1774005495684 0.08884334564208984 105100
1774005497464 0.0740365982055664 105150
1774005499261 0.20212078094482422 105200
1774005501002 0.18461036682128906 105250
1774005502751 0.050426483154296875 105300
1774005504552 0.4113035202026367 105350
1774005506290 0.055733680725097656 105400
1774005508147 0.09685325622558594 105450
1774005509928 0.13895797729492188 105500
1774005511703 0.0021839141845703125 105550
1774005574194 0.12126541137695312 105600
1774005576717 0.13361644744873047 105650
1774005578470 0.2979307174682617 105700
1774005580213 0.08294200897216797 105750
1774005581978 0.45435619354248047 105800
1774005583743 0.05622386932373047 105850
1774005585555 0.1348257064819336 105900
1774005587261 0.01809406280517578 105950
1774005589029 0.11008930206298828 106000
1774005590815 0.182708740234375 106050
1774005592710 0.052814483642578125 106100
1774005594536 0.2044658660888672 106150
1774005596283 0.15447616577148438 106200
1774005598089 0.09005069732666016 106250
1774005599856 0.3654298782348633 106300
1774005601633 0.0141448974609375 106350
1774005662378 0.23457908630371094 106400
1774005664866 0.24158287048339844 106450
1774005666652 0.02834796905517578 106500
1774005668401 0.29381752014160156 106550
1774005670155 0.050189971923828125 106600
1774005671942 0.32784366607666016 106650
1774005673729 0.13616085052490234 106700
1774005675496 0.1380786895751953 106750
1774005677243 0.042105674743652344 106800
1774005679050 0.14188385009765625 106850
1774005680798 0.10435104370117188 106900
1774005682568 0.03599834442138672 106950
1774005684351 0.07014942169189453 107000
1774005686094 0.0992279052734375 107050
1774005687843 0.11147403717041016 107100
1774005689561 0.16265201568603516 107150
1774005751830 0.27364349365234375 107200
1774005754286 0.04778099060058594 107250
1774005756053 0.05958271026611328 107300
1774005757844 0.040122032165527344 107350
1774005759558 0.14544105529785156 107400
1774005761319 0.012801170349121094 107450
1774005763090 0.04949474334716797 107500
1774005764823 0.005206108093261719 107550
1774005766626 0.03963947296142578 107600
1774005768373 0.027588844299316406 107650
1774005770166 0.24982929229736328 107700
1774005771940 0.017164230346679688 107750
1774005773748 0.2742757797241211 107800
1774005775516 0.11099720001220703 107850
1774005777213 0.2630319595336914 107900
1774005778995 0.05621528625488281 107950
1774005839911 0.09131813049316406 108000
1774005842480 0.05112934112548828 108050
1774005844226 0.047588348388671875 108100
1774005846071 0.15076065063476562 108150
1774005847822 0.04615974426269531 108200
1774005849561 0.15256214141845703 108250
1774005851341 0.24478912353515625 108300
1774005853107 0.023441314697265625 108350
1774005854879 0.19466876983642578 108400
1774005856651 0.07516002655029297 108450
1774005858410 0.5633554458618164 108500
1774005860182 0.09805870056152344 108550
1774005861954 0.2570152282714844 108600
1774005863729 0.2252960205078125 108650
1774005865513 0.08520030975341797 108700
1774005867245 0.1588888168334961 108750
1774005932888 0.053200721740722656 108800
1774005935373 0.181915283203125 108850
1774005937118 0.09879398345947266 108900
1774005938910 0.05310630798339844 108950
1774005940827 0.07819557189941406 109000
1774005942607 0.1740856170654297 109050
1774005944352 0.1687946319580078 109100
1774005946069 0.044457435607910156 109150
1774005947853 0.08825874328613281 109200
1774005949624 0.04807567596435547 109250
1774005951379 0.3337869644165039 109300
1774005953148 0.0342559814453125 109350
1774005954914 0.27059268951416016 109400
1774005956642 0.05948829650878906 109450
1774005958458 0.18583965301513672 109500
1774005960238 0.05367279052734375 109550
1774006022716 0.07752609252929688 109600
1774006025228 0.4103689193725586 109650
1774006027095 0.22614192962646484 109700
1774006028848 0.007846832275390625 109750
1774006030587 0.016966819763183594 109800
1774006032330 0.1079263687133789 109850
1774006034147 0.0762786865234375 109900
1774006035934 0.036652565002441406 109950
1774006037763 0.009248733520507812 110000
1774006039476 0.029327392578125 110050
1774006041311 0.08197689056396484 110100
1774006043073 0.01567840576171875 110150
1774006044806 0.02830982208251953 110200
1774006046600 0.17345142364501953 110250
1774006048380 0.1361551284790039 110300
1774006050164 0.07638740539550781 110350
1774006112584 0.013540267944335938 110400
1774006115109 0.05279254913330078 110450
1774006116917 0.052718162536621094 110500
1774006118728 0.12847328186035156 110550
1774006120530 0.026253700256347656 110600
1774006122282 0.021900177001953125 110650
1774006124086 0.3742828369140625 110700
1774006125876 0.050482749938964844 110750
1774006127616 0.025633811950683594 110800
1774006129410 0.05140495300292969 110850
1774006131187 0.23902320861816406 110900
1774006132983 0.06917667388916016 110950
1774006134688 0.09137535095214844 111000
1774006136430 0.0014820098876953125 111050
1774006138204 0.12169551849365234 111100
1774006139994 0.32175636291503906 111150
1774006200838 0.04285240173339844 111200
1774006203317 0.03591346740722656 111250
1774006205063 0.11489677429199219 111300
1774006206905 0.22408771514892578 111350
1774006208648 0.02393054962158203 111400
1774006210469 0.0003681182861328125 111450
1774006212256 0.19330787658691406 111500
1774006214008 0.18051815032958984 111550
1774006215786 0.16651058197021484 111600
1774006217542 0.1165914535522461 111650
1774006219352 0.1068572998046875 111700
1774006221218 0.08394622802734375 111750
1774006223014 0.0857400894165039 111800
1774006224762 0.031922340393066406 111850
1774006226533 0.15708065032958984 111900
1774006228327 0.04726982116699219 111950
1774006289163 0.04270172119140625 112000
1774006291705 0.09384918212890625 112050
1774006293457 0.23085403442382812 112100
1774006295235 0.02201366424560547 112150
1774006297013 0.006987571716308594 112200
1774006298744 0.08976078033447266 112250
1774006300556 0.1386890411376953 112300
1774006302298 0.1426992416381836 112350
1774006304088 0.05187511444091797 112400
1774006305898 0.2322683334350586 112450
1774006307645 0.2733650207519531 112500
1774006309407 0.11254501342773438 112550
1774006311160 0.09614372253417969 112600
1774006312999 0.062198638916015625 112650
1774006314795 0.021314620971679688 112700
1774006316669 0.24628353118896484 112750
1774006377528 0.23993682861328125 112800
1774006380081 0.1364574432373047 112850
1774006381830 0.21664714813232422 112900
1774006383609 0.048354148864746094 112950
1774006385361 0.0694417953491211 113000
1774006387134 0.052420616149902344 113050
1774006389004 0.13529109954833984 113100
1774006390750 0.10251903533935547 113150
1774006392504 0.010486602783203125 113200
1774006394268 0.27770328521728516 113250
1774006396059 0.04067516326904297 113300
1774006397815 0.06128501892089844 113350
1774006399563 0.009053230285644531 113400
1774006401453 0.033133506774902344 113450
1774006403249 0.12591838836669922 113500
1774006405061 0.09964752197265625 113550
1774006468401 0.020760536193847656 113600
1774006470992 0.015439033508300781 113650
1774006472765 0.034142494201660156 113700
1774006474567 0.018444061279296875 113750
1774006476330 0.2952871322631836 113800
1774006478150 0.08442020416259766 113850
1774006480020 0.0014181137084960938 113900
1774006481835 0.03489208221435547 113950
1774006483596 0.023993492126464844 114000
1774006485361 0.11548328399658203 114050
1774006487134 0.004145622253417969 114100
1774006488955 0.025002479553222656 114150
1774006490729 0.2539243698120117 114200
1774006492458 0.032012939453125 114250
1774006494200 0.03448295593261719 114300
1774006496007 0.2686958312988281 114350
1774006558525 0.00042057037353515625 114400
1774006561082 0.05757427215576172 114450
1774006562933 0.05068683624267578 114500
1774006564690 0.3354349136352539 114550
1774006566482 0.0962677001953125 114600
1774006568248 0.10214042663574219 114650
1774006570043 0.09094429016113281 114700
1774006571805 0.061387062072753906 114750
1774006573580 0.261962890625 114800
1774006575332 0.14921951293945312 114850
1774006577100 0.039051055908203125 114900
1774006578888 0.14117050170898438 114950
1774006580632 0.10017108917236328 115000
1774006582415 0.1898212432861328 115050
1774006584137 0.3541984558105469 115100
1774006585873 0.1177225112915039 115150
1774006648388 0.051586151123046875 115200
1774006650944 0.0044116973876953125 115250
1774006652737 0.014622688293457031 115300
1774006654470 0.17153549194335938 115350
1774006656276 0.03950786590576172 115400
1774006658191 0.177520751953125 115450
1774006659949 0.23230361938476562 115500
1774006661720 0.06809806823730469 115550
1774006663482 0.19665241241455078 115600
1774006665211 0.25560855865478516 115650
1774006667011 0.11395835876464844 115700
1774006668822 0.010157585144042969 115750
1774006670577 0.19752979278564453 115800
1774006672350 0.32602596282958984 115850
1774006674093 0.20734119415283203 115900
1774006675898 0.0876169204711914 115950
1774006736790 0.18622779846191406 116000
1774006739404 0.05889415740966797 116050
1774006741225 0.10191535949707031 116100
1774006743005 0.0509490966796875 116150
1774006744727 0.039684295654296875 116200
1774006746557 0.0036287307739257812 116250
1774006748332 0.00077056884765625 116300
1774006750171 0.04261207580566406 116350
1774006751929 0.23543453216552734 116400
1774006753702 0.02109527587890625 116450
1774006755579 0.010760307312011719 116500
1774006757314 0.0945892333984375 116550
1774006759101 0.27016258239746094 116600
1774006760855 0.02893543243408203 116650
1774006762572 0.057053565979003906 116700
1774006764334 0.39072227478027344 116750
1774006826785 0.010660171508789062 116800
1774006829381 0.021780014038085938 116850
1774006831146 0.17648983001708984 116900
1774006832895 0.31196117401123047 116950
1774006834644 0.15533828735351562 117000
1774006836428 0.0911703109741211 117050
1774006838245 0.045253753662109375 117100
1774006840099 0.007894515991210938 117150
1774006841846 0.10675048828125 117200
1774006843616 0.08822345733642578 117250
1774006845403 0.011536598205566406 117300
1774006847139 0.015276908874511719 117350
1774006848937 0.014548301696777344 117400
1774006850729 0.009832382202148438 117450
1774006852569 0.0753631591796875 117500
1774006854359 0.010863304138183594 117550
1774006916935 0.09044170379638672 117600
1774006919488 0.04501533508300781 117650
1774006921288 0.03688335418701172 117700
1774006923088 0.008416175842285156 117750
1774006924912 0.09259796142578125 117800
1774006926750 0.09156036376953125 117850
1774006928555 0.22049617767333984 117900
1774006930415 0.20375442504882812 117950
1774006932177 0.11495780944824219 118000
1774006934042 0.05852222442626953 118050
1774006935831 0.12575435638427734 118100
1774006937605 0.18421554565429688 118150
1774006939385 0.04863739013671875 118200
1774006941160 0.028374671936035156 118250
1774006942937 0.17480182647705078 118300
1774006944689 0.1292104721069336 118350
1774007005533 0.11153316497802734 118400
1774007008095 0.11376380920410156 118450
1774007009876 0.1777629852294922 118500
1774007011576 0.15471553802490234 118550
1774007013360 0.03571796417236328 118600
1774007015143 0.017553329467773438 118650
1774007017015 0.08231163024902344 118700
1774007018804 0.05684089660644531 118750
1774007020554 0.1604785919189453 118800
1774007022333 0.07929611206054688 118850
1774007024099 0.011595726013183594 118900
1774007025909 0.05333900451660156 118950
1774007027687 0.03635883331298828 119000
1774007029465 0.1705942153930664 119050
1774007031254 0.14922332763671875 119100
1774007033066 0.011425018310546875 119150
1774007094100 0.24193763732910156 119200
1774007096677 0.0064334869384765625 119250
1774007098428 0.026021957397460938 119300
1774007100153 0.022729873657226562 119350
1774007101921 0.0007724761962890625 119400
1774007103715 0.023456573486328125 119450
1774007105577 0.06269264221191406 119500
1774007107424 0.09986019134521484 119550
1774007109212 0.10582256317138672 119600
1774007111039 0.04870891571044922 119650
1774007112770 0.03763008117675781 119700
1774007114546 0.11944293975830078 119750
1774007116331 0.024550437927246094 119800
1774007118067 0.0062465667724609375 119850
1774007119837 0.0478057861328125 119900
1774007121678 0.05254936218261719 119950
1774007183627 0.010166168212890625 120000
1774007186291 0.1373577117919922 120050
1774007188312 0.3776092529296875 120100
1774007190230 0.06050872802734375 120150
1774007192240 0.10142707824707031 120200
1774007194088 0.057056427001953125 120250
1774007195994 0.01591968536376953 120300
1774007197867 0.19042682647705078 120350
1774007199790 0.006295204162597656 120400
1774007201609 0.09546470642089844 120450
1774007203450 0.019621849060058594 120500
1774007205260 0.06549263000488281 120550
1774007207030 0.029310226440429688 120600
1774007208781 0.1753406524658203 120650
1774007210546 0.03487968444824219 120700
1774007212385 0.16989898681640625 120750
1774007274811 0.017133712768554688 120800
1774007277365 0.1711750030517578 120850
1774007279299 0.14321517944335938 120900
1774007281178 0.1018667221069336 120950
1774007282954 0.08351707458496094 121000
1774007284743 0.20424652099609375 121050
1774007286527 0.11704349517822266 121100
1774007288371 0.06395435333251953 121150
1774007290169 0.047371864318847656 121200
1774007292003 0.017271995544433594 121250
1774007293779 0.035312652587890625 121300
1774007295569 0.2017068862915039 121350
1774007297400 0.10554790496826172 121400
1774007299226 0.4212532043457031 121450
1774007301052 0.15686321258544922 121500
1774007302831 0.07262420654296875 121550
1774007365455 0.03829479217529297 121600
1774007368013 0.3639640808105469 121650
1774007369769 0.13702869415283203 121700
1774007371603 0.17315101623535156 121750
1774007373435 0.022390365600585938 121800
1774007375239 0.1593914031982422 121850
1774007377057 0.033455848693847656 121900
1774007378780 0.036803245544433594 121950
1774007380591 0.011153221130371094 122000
1774007382364 0.34612464904785156 122050
1774007384204 0.007537841796875 122100
1774007386034 0.07991695404052734 122150
1774007387866 0.03488922119140625 122200
1774007389667 0.08692741394042969 122250
1774007391442 0.051891326904296875 122300
1774007393292 0.005915641784667969 122350
1774007460597 0.027441024780273438 122400
1774007463129 0.03214740753173828 122450
1774007464947 0.1350412368774414 122500
1774007466813 0.10456275939941406 122550
1774007468652 0.1558704376220703 122600
1774007470461 0.0995035171508789 122650
1774007472331 0.06351566314697266 122700
1774007474262 0.060294151306152344 122750
1774007476082 0.30251312255859375 122800
1774007477964 0.0659799575805664 122850
1774007479925 0.09071922302246094 122900
1774007481766 0.1076498031616211 122950
1774007483652 0.33893871307373047 123000
1774007485625 0.000339508056640625 123050
1774007487512 0.07387828826904297 123100
1774007489366 0.01621723175048828 123150
1774007561602 0.10877132415771484 123200
1774007564396 0.009050369262695312 123250
1774007566215 0.032998085021972656 123300
1774007568109 0.016921043395996094 123350
1774007570014 0.03827476501464844 123400
1774007571890 0.19086742401123047 123450
1774007573688 0.09564685821533203 123500
1774007575572 0.041988372802734375 123550
1774007577434 0.03188610076904297 123600
1774007579324 0.11041927337646484 123650
1774007581190 0.11145782470703125 123700
1774007583075 0.2615022659301758 123750
1774007584926 0.05412864685058594 123800
1774007586796 0.27423572540283203 123850
1774007588673 0.020137786865234375 123900
1774007590652 0.2317180633544922 123950
1774007659656 0.047885894775390625 124000
1774007662286 0.27762603759765625 124050
1774007664178 0.10044097900390625 124100
1774007666035 0.005436897277832031 124150
1774007667879 0.2056903839111328 124200
1774007669740 0.0731058120727539 124250
1774007671667 0.04319953918457031 124300
1774007673501 0.07985973358154297 124350
1774007675381 0.012782096862792969 124400
1774007677273 0.07801628112792969 124450
1774007679157 0.23919105529785156 124500
1774007681058 0.12375068664550781 124550
1774007682918 0.1572742462158203 124600
1774007684874 0.1531972885131836 124650
1774007686699 0.00040149688720703125 124700
1774007688546 0.07089710235595703 124750
1774007755943 0.1500072479248047 124800
1774007758621 0.10081195831298828 124850
1774007760437 0.06796646118164062 124900
1774007762301 0.14409446716308594 124950
1774007764193 0.174835205078125 125000
1774007766022 0.3935508728027344 125050
1774007767837 0.1222696304321289 125100
1774007769726 0.031525611877441406 125150
1774007771586 0.046982765197753906 125200
1774007773472 0.0601806640625 125250
1774007775309 0.06606864929199219 125300
1774007777211 0.20123291015625 125350
1774007779086 0.05682659149169922 125400
1774007780982 0.09462261199951172 125450
1774007782836 0.11168575286865234 125500
1774007784708 0.0020236968994140625 125550
1774007853679 0.1746368408203125 125600
1774007856436 0.09383201599121094 125650
1774007858292 0.1918182373046875 125700
1774007860135 0.0568084716796875 125750
1774007861969 0.03667736053466797 125800
1774007863864 0.10010623931884766 125850
1774007865745 0.06795024871826172 125900
1774007867579 0.022263526916503906 125950
1774007869428 0.1321239471435547 126000
1774007871318 0.012987136840820312 126050
1774007873186 0.02996063232421875 126100
1774007875090 0.04755878448486328 126150
1774007876888 0.16565322875976562 126200
1774007878741 0.06434917449951172 126250
1774007880588 0.009157180786132812 126300
1774007882475 0.12295055389404297 126350
1774007951635 0.043415069580078125 126400
1774007954420 0.31130409240722656 126450
1774007956312 0.055294036865234375 126500
1774007958166 0.19556522369384766 126550
1774007959999 0.0243377685546875 126600
1774007961921 0.040642738342285156 126650
1774007963852 0.011073112487792969 126700
1774007965773 0.06438350677490234 126750
1774007967571 0.017698287963867188 126800
1774007969473 0.18484783172607422 126850
1774007971277 0.08579444885253906 126900
1774007973175 0.03806304931640625 126950
1774007975058 0.010481834411621094 127000
1774007976929 0.17487525939941406 127050
1774007978835 0.1724252700805664 127100
1774007980672 0.05449390411376953 127150
1774008048147 0.1256875991821289 127200
1774008050711 0.02148151397705078 127250
1774008052529 0.11645984649658203 127300
1774008054373 0.038768768310546875 127350
1774008056254 0.33695030212402344 127400
1774008058234 0.09252643585205078 127450
1774008060084 0.013025283813476562 127500
1774008061927 0.26186084747314453 127550
1774008063841 0.14037322998046875 127600
1774008065646 0.06174278259277344 127650
1774008067547 0.0023698806762695312 127700
1774008069396 0.1723308563232422 127750
1774008071234 0.1129446029663086 127800
1774008073089 0.06911659240722656 127850
1774008074980 0.0655660629272461 127900
1774008076837 0.058608055114746094 127950
1774008144148 0.08819866180419922 128000
1774008146751 0.13692092895507812 128050
1774008148638 0.109710693359375 128100
1774008150602 0.20120811462402344 128150
1774008152504 0.2163105010986328 128200
1774008154341 0.19172954559326172 128250
1774008156260 0.03336524963378906 128300
1774008158114 0.2970008850097656 128350
1774008159985 0.3372373580932617 128400
1774008161805 0.06215190887451172 128450
1774008163657 0.04738044738769531 128500
1774008165531 0.14011669158935547 128550
1774008167374 0.04665660858154297 128600
1774008169238 0.012183189392089844 128650
1774008171087 0.017755508422851562 128700
1774008172940 0.054718017578125 128750
1774008242805 0.04665088653564453 128800
1774008245518 0.13397789001464844 128850
1774008247424 0.006802558898925781 128900
1774008249312 0.017928123474121094 128950
1774008251153 0.06173515319824219 129000
1774008253105 0.006932258605957031 129050
1774008254986 0.13602066040039062 129100
1774008256822 0.006436347961425781 129150
1774008258701 0.11491775512695312 129200
1774008260546 0.0005025863647460938 129250
1774008262452 0.020833969116210938 129300
1774008264389 0.029578208923339844 129350
1774008266207 0.06669902801513672 129400
1774008268125 0.09523582458496094 129450
1774008269979 0.16181659698486328 129500
1774008271883 0.037688255310058594 129550
1774008340999 0.06485843658447266 129600
1774008343713 0.048931121826171875 129650
1774008345651 0.0025682449340820312 129700
1774008347493 0.04414558410644531 129750
1774008349346 0.008175849914550781 129800
1774008351265 0.14943504333496094 129850
1774008353101 0.05455207824707031 129900
1774008354968 0.19643402099609375 129950
1774008357000 0.013054847717285156 130000
1774008358854 0.05005359649658203 130050
1774008360707 0.027632713317871094 130100
1774008362563 0.1816568374633789 130150
1774008364434 0.06720924377441406 130200
1774008366338 0.058254241943359375 130250
1774008368249 0.33445072174072266 130300
1774008370135 0.19228363037109375 130350
1774008437487 0.1494884490966797 130400
1774008440180 0.1672191619873047 130450
1774008442064 0.0970144271850586 130500
1774008443899 0.22286033630371094 130550
1774008445735 0.04589653015136719 130600
1774008447589 0.08503437042236328 130650
1774008449465 0.1925649642944336 130700
1774008451339 0.2049264907836914 130750
1774008453279 0.033782958984375 130800
1774008455181 0.0008869171142578125 130850
1774008457037 0.16414165496826172 130900
1774008458885 0.07915306091308594 130950
1774008460793 0.31912994384765625 131000
1774008462847 0.09632492065429688 131050
1774008464709 0.01679229736328125 131100
1774008466568 0.128570556640625 131150
1774008535701 0.017946243286132812 131200
1774008538527 0.09054756164550781 131250
1774008540520 0.04796123504638672 131300
1774008542519 0.10881614685058594 131350
1774008544405 0.09153556823730469 131400
1774008546321 0.31935691833496094 131450
1774008548331 0.22128868103027344 131500
1774008550374 0.2425212860107422 131550
1774008552681 0.14653587341308594 131600
1774008554631 0.017274856567382812 131650
1774008556567 0.08193302154541016 131700
1774008558653 0.03763103485107422 131750
1774008560500 0.0781402587890625 131800
1774008562423 0.12338924407958984 131850
1774008564367 0.247283935546875 131900
1774008566301 0.18380069732666016 131950
1774008638898 0.23056983947753906 132000
1774008641651 0.03836536407470703 132050
1774008643587 0.043766021728515625 132100
1774008645498 0.04065990447998047 132150
1774008647441 0.3964529037475586 132200
1774008649350 0.08158111572265625 132250
1774008651218 0.006470680236816406 132300
1774008653060 0.08060932159423828 132350
1774008654972 0.04785346984863281 132400
1774008656891 0.1112661361694336 132450
1774008658775 0.09418678283691406 132500
1774008660648 0.1386089324951172 132550
1774008662561 0.053282737731933594 132600
1774008664380 0.17542076110839844 132650
1774008666253 0.009546279907226562 132700
1774008668184 0.11420917510986328 132750
1774008735421 0.036375999450683594 132800
1774008738175 0.07550621032714844 132850
1774008740110 0.007917404174804688 132900
1774008742020 0.03991985321044922 132950
1774008743889 0.12413692474365234 133000
1774008745926 0.07750511169433594 133050
1774008747787 0.02255535125732422 133100
1774008749741 0.021386146545410156 133150
1774008751635 0.14230823516845703 133200
1774008753509 0.012821197509765625 133250
1774008755339 0.036444664001464844 133300
1774008757270 0.16599464416503906 133350
1774008759187 0.07661724090576172 133400
1774008761044 0.19224262237548828 133450
1774008762892 0.23514747619628906 133500
1774008764813 0.13994312286376953 133550
1774008835007 0.02275371551513672 133600
1774008837693 0.16101932525634766 133650
1774008839590 0.10805225372314453 133700
1774008841525 0.07712078094482422 133750
1774008843526 0.0539703369140625 133800
1774008845355 0.13337993621826172 133850
1774008847215 0.03763294219970703 133900
1774008849076 0.027520179748535156 133950
1774008851007 0.0032300949096679688 134000
1774008852905 0.01250457763671875 134050
1774008854920 0.18848133087158203 134100
1774008856796 0.04632759094238281 134150
1774008858705 0.036895751953125 134200
1774008860585 0.06401348114013672 134250
1774008862467 0.0044078826904296875 134300
1774008864339 0.0063991546630859375 134350
1774008933497 0.12092304229736328 134400
1774008936261 0.07979869842529297 134450
1774008938213 0.23622989654541016 134500
1774008940120 0.16260051727294922 134550
1774008942032 0.35494136810302734 134600
1774008943937 0.08022308349609375 134650
1774008945882 0.03765296936035156 134700
1774008947829 0.07211685180664062 134750
1774008949757 0.03169727325439453 134800
1774008951693 0.09136486053466797 134850
1774008953636 0.0026254653930664062 134900
1774008955520 0.05218219757080078 134950
1774008957605 0.07030391693115234 135000
1774008959504 0.23032569885253906 135050
1774008961317 0.04242706298828125 135100
1774008963206 0.0892629623413086 135150
1774009030933 0.061699867248535156 135200
1774009033583 0.18481063842773438 135250
1774009035496 0.2969684600830078 135300
1774009037393 0.055553436279296875 135350
1774009039328 0.06842613220214844 135400
1774009041202 0.06262874603271484 135450
1774009043124 0.06901836395263672 135500
1774009045000 0.02551746368408203 135550
1774009046905 0.02907848358154297 135600
1774009048809 0.07158851623535156 135650
1774009050693 0.05820655822753906 135700
1774009052615 0.08506584167480469 135750
1774009054537 0.013704299926757812 135800
1774009056546 0.020032882690429688 135850
1774009058428 0.2033710479736328 135900
1774009060365 0.041431427001953125 135950
1774009127897 0.02695465087890625 136000
1774009130613 0.13346290588378906 136050
1774009132555 0.022443771362304688 136100
1774009134484 0.016699790954589844 136150
1774009136457 0.08909225463867188 136200
1774009138445 0.023866653442382812 136250
1774009140381 0.011570930480957031 136300
1774009142318 0.20703887939453125 136350
1774009144246 0.175933837890625 136400
1774009146233 0.08067703247070312 136450
1774009148086 0.026233673095703125 136500
1774009150032 0.026554107666015625 136550
1774009152044 0.06602287292480469 136600
1774009154050 0.3378734588623047 136650
1774009155962 0.037212371826171875 136700
1774009157856 0.01961994171142578 136750
1774009225523 0.0498504638671875 136800
1774009228211 0.08838939666748047 136850
1774009230097 0.014619827270507812 136900
1774009232015 0.05336284637451172 136950
1774009233996 0.03629112243652344 137000
1774009235914 0.08890914916992188 137050
1774009237789 0.033786773681640625 137100
1774009239704 0.3067178726196289 137150
1774009241597 0.04516410827636719 137200
1774009243462 0.0001773834228515625 137250
1774009245422 0.06020355224609375 137300
1774009247292 0.2717704772949219 137350
1774009249214 0.022020339965820312 137400
1774009251089 0.08924102783203125 137450
1774009253053 0.050322532653808594 137500
1774009255094 0.0225372314453125 137550
1774009322623 0.16913414001464844 137600
1774009325308 0.1802053451538086 137650
1774009327272 0.055397987365722656 137700
1774009329158 0.15740108489990234 137750
1774009331075 0.010508537292480469 137800
1774009332961 0.061545372009277344 137850
1774009334908 0.027466773986816406 137900
1774009336782 0.1805286407470703 137950
1774009338665 0.03757476806640625 138000
1774009340569 0.0116729736328125 138050
1774009342495 0.36603641510009766 138100
1774009344392 0.006031036376953125 138150
1774009346325 0.0020685195922851562 138200
1774009348220 0.022789955139160156 138250
1774009350092 0.013271331787109375 138300
1774009351995 0.04076576232910156 138350
1774009421297 0.042266845703125 138400
1774009423955 0.0052947998046875 138450
1774009425885 0.09153461456298828 138500
1774009427779 0.09986305236816406 138550
1774009429706 0.2375164031982422 138600
1774009431605 0.30251598358154297 138650
1774009433648 0.021358489990234375 138700
1774009435567 0.036858558654785156 138750
1774009437508 0.04203033447265625 138800
1774009439422 0.018296241760253906 138850
1774009441317 0.07866287231445312 138900
1774009443249 0.0007238388061523438 138950
1774009445196 0.034137725830078125 139000
1774009447087 0.0664529800415039 139050
1774009449000 0.08081531524658203 139100
1774009450961 0.21483612060546875 139150
1774009518638 0.00464630126953125 139200
1774009521364 0.029521942138671875 139250
1774009523352 0.11881256103515625 139300
1774009525236 0.17138290405273438 139350
1774009527168 0.039772987365722656 139400
1774009529023 0.05527305603027344 139450
1774009530967 0.028693199157714844 139500
1774009532866 0.012037277221679688 139550
1774009534788 0.024313926696777344 139600
1774009536657 0.18909549713134766 139650
1774009538592 0.1429891586303711 139700
1774009540647 0.11789894104003906 139750
1774009542551 0.08326339721679688 139800
1774009544462 0.0026378631591796875 139850
1774009546407 0.012150764465332031 139900
1774009548315 0.0036096572875976562 139950
1774009615824 0.010885238647460938 140000
1774009618462 0.15241241455078125 140050
1774009620463 0.1873149871826172 140100
1774009622344 0.20856380462646484 140150
1774009624323 0.023756980895996094 140200
1774009626241 0.06201648712158203 140250
1774009628118 0.005696296691894531 140300
1774009630006 0.0783700942993164 140350
1774009632081 0.020720481872558594 140400
1774009634039 0.013003349304199219 140450
1774009635913 0.15537548065185547 140500
1774009637830 0.2821369171142578 140550
1774009639760 0.049454689025878906 140600
1774009641673 0.07655620574951172 140650
1774009643614 0.2369823455810547 140700
1774009645569 0.004048347473144531 140750
1774009715750 0.08662223815917969 140800
1774009718375 0.08093833923339844 140850
1774009720355 0.17374801635742188 140900
1774009722264 0.29981136322021484 140950
1774009724233 0.12139701843261719 141000
1774009726110 0.04674530029296875 141050
1774009728003 0.12701797485351562 141100
1774009729927 0.20148468017578125 141150
1774009731849 0.017380714416503906 141200
1774009733868 0.09623146057128906 141250
1774009735786 0.05543327331542969 141300
1774009737749 0.18311214447021484 141350
1774009739691 0.007084846496582031 141400
1774009741544 0.13126277923583984 141450
1774009743441 0.08269405364990234 141500
1774009745428 0.008084297180175781 141550
1774009815758 0.0907144546508789 141600
1774009818606 0.007206916809082031 141650
1774009820551 0.048035621643066406 141700
1774009822450 0.11176490783691406 141750
1774009824337 0.0032186508178710938 141800
1774009826311 0.05383491516113281 141850
1774009828262 0.036075592041015625 141900
1774009830164 0.11352825164794922 141950
1774009832233 0.24245929718017578 142000
1774009834175 0.09288597106933594 142050
1774009836131 0.06705570220947266 142100
1774009838087 0.1151876449584961 142150
1774009840149 0.02180767059326172 142200
1774009842032 0.04930686950683594 142250
1774009844028 0.032550811767578125 142300
1774009845940 0.026975631713867188 142350
1774009913643 0.09859180450439453 142400
1774009916376 0.1724529266357422 142450
1774009918365 0.3680238723754883 142500
1774009920263 0.12413215637207031 142550
1774009922242 0.008751869201660156 142600
1774009924138 0.11799335479736328 142650
1774009926053 0.017459869384765625 142700
1774009927958 0.10948562622070312 142750
1774009929898 0.09311771392822266 142800
1774009931822 0.02589130401611328 142850
1774009933763 0.06586265563964844 142900
1774009935807 0.05999183654785156 142950
1774009937748 0.0666646957397461 143000
1774009939646 0.0064983367919921875 143050
1774009941525 0.02351665496826172 143100
1774009943433 0.09976387023925781 143150
1774010011082 0.19075965881347656 143200
1774010013925 0.010823249816894531 143250
1774010015822 0.03907585144042969 143300
1774010017736 0.006201744079589844 143350
1774010019798 0.025681495666503906 143400
1774010021695 0.14525985717773438 143450
1774010023573 0.20926189422607422 143500
1774010025487 0.05591297149658203 143550
1774010027437 0.03333091735839844 143600
1774010029345 0.15660762786865234 143650
1774010031255 0.12439632415771484 143700
1774010033172 0.28301048278808594 143750
1774010035097 0.000507354736328125 143800
1774010037064 0.01996898651123047 143850
1774010038913 0.0899362564086914 143900
1774010040902 0.131317138671875 143950
1774010110360 0.06963443756103516 144000
1774010113044 0.06685543060302734 144050
1774010114994 0.03744029998779297 144100
1774010117001 0.2809934616088867 144150
1774010119002 0.08535385131835938 144200
1774010120940 0.09132003784179688 144250
1774010122830 0.041473388671875 144300
1774010124800 0.12386226654052734 144350
1774010126836 0.0213775634765625 144400
1774010128795 0.239105224609375 144450
1774010130702 0.04902172088623047 144500
1774010132623 0.07128047943115234 144550
1774010134634 0.016933441162109375 144600
1774010136534 0.028000831604003906 144650
1774010138398 0.1596994400024414 144700
1774010140387 0.03949546813964844 144750
1774010212893 0.06481170654296875 144800
1774010215636 0.3332490921020508 144850
1774010217696 0.02627086639404297 144900
1774010219531 0.2313098907470703 144950
1774010221468 0.05989551544189453 145000
1774010223359 0.08687973022460938 145050
1774010225253 0.22411251068115234 145100
1774010227156 0.0014734268188476562 145150
1774010229129 0.011096000671386719 145200
1774010231016 0.16195011138916016 145250
1774010232984 0.05896568298339844 145300
1774010234897 0.0009298324584960938 145350
1774010236847 0.048542022705078125 145400
1774010238769 0.15547657012939453 145450
1774010240676 0.10320854187011719 145500
1774010242661 0.09510326385498047 145550
1774010310249 0.06961441040039062 145600
1774010313093 0.09794139862060547 145650
1774010315011 0.039381980895996094 145700
1774010316877 0.12798786163330078 145750
1774010318792 0.0068817138671875 145800
1774010320708 0.12644004821777344 145850
1774010322599 0.3238229751586914 145900
1774010324535 0.08321571350097656 145950
1774010326455 0.026763916015625 146000
1774010328457 0.16925907135009766 146050
1774010330400 0.053592681884765625 146100
1774010332340 0.08423423767089844 146150
1774010334286 0.010769844055175781 146200
1774010336153 0.05173206329345703 146250
1774010338058 0.0699300765991211 146300
1774010340004 0.12188529968261719 146350
1774010407629 0.11940860748291016 146400
1774010410440 0.05200386047363281 146450
1774010412513 0.031540870666503906 146500
1774010414411 0.13454532623291016 146550
1774010416346 0.050408363342285156 146600
1774010418257 0.1766204833984375 146650
1774010420209 0.012310981750488281 146700
1774010422173 0.2125864028930664 146750
1774010424125 0.25049304962158203 146800
1774010426100 0.027298927307128906 146850
1774010428059 0.09018707275390625 146900
1774010430014 0.04804420471191406 146950
1774010431937 0.031243324279785156 147000
1774010433897 0.030411720275878906 147050
1774010435837 0.011149406433105469 147100
1774010437806 0.028402328491210938 147150
1774010509741 0.05740547180175781 147200
1774010512556 0.13988113403320312 147250
1774010514454 0.2527637481689453 147300
1774010516412 0.041980743408203125 147350
1774010518374 0.2979564666748047 147400
1774010520314 0.1500406265258789 147450
1774010522404 0.035302162170410156 147500
1774010524415 0.018587112426757812 147550
1774010526350 0.10838127136230469 147600
1774010528498 0.16077709197998047 147650
1774010530545 0.060596466064453125 147700
1774010532482 0.007189750671386719 147750
1774010534460 0.052916526794433594 147800
1774010536429 0.09305953979492188 147850
1774010538445 0.25053977966308594 147900
1774010540481 0.009675979614257812 147950
1774010611633 0.042980194091796875 148000
1774010614406 0.07979106903076172 148050
1774010616447 0.03268909454345703 148100
1774010618536 0.024614334106445312 148150
1774010620519 0.14419078826904297 148200
1774010622477 0.08476924896240234 148250
1774010624519 0.09135055541992188 148300
1774010626476 0.1874828338623047 148350
1774010628477 0.017797470092773438 148400
1774010630552 0.03408241271972656 148450
1774010632586 0.23279762268066406 148500
1774010634579 0.10514354705810547 148550
1774010636570 0.0016508102416992188 148600
1774010638557 0.03011608123779297 148650
1774010640503 0.06736183166503906 148700
1774010642416 0.17764949798583984 148750
1774010713728 0.09886455535888672 148800
1774010716613 0.010375022888183594 148850
1774010718619 0.0212249755859375 148900
1774010720584 0.15470600128173828 148950
1774010722539 0.0026636123657226562 149000
1774010724573 0.16035175323486328 149050
1774010726639 0.03444480895996094 149100
1774010728774 0.03619575500488281 149150
1774010730797 0.09179973602294922 149200
1774010732843 0.26949214935302734 149250
1774010734896 0.1064157485961914 149300
1774010736937 0.15064334869384766 149350
1774010738897 0.05037975311279297 149400
1774010740921 0.14818763732910156 149450
1774010742917 0.0870676040649414 149500
1774010744847 0.12073516845703125 149550
1774010819365 0.11558055877685547 149600
1774010822262 0.10381221771240234 149650
1774010824282 0.011249542236328125 149700
1774010826312 0.0848836898803711 149750
1774010828366 0.02754688262939453 149800
1774010830355 0.008701324462890625 149850
1774010832340 0.19555091857910156 149900
1774010834415 0.08172035217285156 149950
1774010836466 0.03557586669921875 150000
1774010838501 0.08374881744384766 150050
1774010840420 0.04452037811279297 150100
1774010842446 0.11170578002929688 150150
1774010844319 0.029433250427246094 150200
1774010846249 0.01882171630859375 150250
1774010848244 0.11805152893066406 150300
1774010850297 0.023883819580078125 150350
1773993487128 0.6432723999023438 0
